Patna public school,Janak chowk beur jail hasan pura road patna,800002,School
D.N Public School,"Mitra mandal Colony Phase II, Beur, Patna",800002,
DJ Public School,"Shri Krishna Vihar Colony, Beur, Near Devi Market, Anisabad, Patna",800002,
New B.D Public School,"Shri Krishna Vihar Colony, Beur, Near Pathak Insti ITI, Anisabad, Patna",800002,
St. Daniel public school,"Viveakanand path new patna collony, Anisabad, Patna",800002,School
Government Primary School,"Beur Jail Road, Beur, Anisabad, Patna",800002,
Progressive English Academy,"Beur, Kala Jewellers, Kunal Clinic, Anisabad, Patna",800002,
Gautam public High School,Beur jail patna,800002,School
Central School,"Beur Jail Road, Beur, Anisabad, Patna",800002,
Patliputra central school,"Beur More, Beur Jail, Anisabad, Patna",,
Kid's care school ,harni chak anishabad patna (Near Sonali Auto Pvt),800002,School
Government Middle School,"Harni Chak, Anisabad, Patna (block Phulwari Sharif)",800002,
Government Primary School,"Harni Chak, Anisabad, Patna (block Phulwari Sharif)",800002,
Sadguru Public School,"Harni Chak, Near Sinha Clinic, Anisabad, Patna",800002,
Asthha Public School,"Harni Chak, PNT Colony, Anisabad, Phulwari",800002,
Himalaya Public School,"Balmi Chak, Anisabad, Phulwari, Patna",800002,
Government Primary School,"Balmi Chak, Anisabad, Patna",800002,
Saint Paul's High School/Saintiar's Paul High Scchool,"S.T Colony,Harnichak, Anishabad,Patna-2 Near Devi Mandir",800002,
Sagalious Bachpan School,"Harni Chak, Anisabad, Patna",800002,
Turning Point School,"Roshan Nagar Road, Devi Mandir, Harnichak,Anishabad,Patna-2",800002,
Swami Vivekanand Montessori School,West shivpuri anishabad patna (near mAnju Bhavan)\,800002,
Gokul academy ,Shivpuri nahar anishabad patna (near RK Coaching),800002,School
Gyandeep english academy,"shivpuri, beurroad, Anisabad patna (near Sulight Coaching Centre)",800002,School
Divya Joyoti english academy," House No. 124, Near Sunlight Coaching, Shiv Puri, Anisabad ,Patna-2",800002,School
The Moon Public School,"Shiv Puri, Anisabad ,Patna-2 (near Ambedkar Chowk)",800002,
Government Primary School,"Chitkohra Nahar par, Near ambedkar chowk, Patna",800002,
Holy land english academy,"Vishnupuri chitkohra, anishabad patna (near Ambedkar Chowk)",800002,School
Vidya mandir girls high school,"Vishnupuri chitkohra, Near Bypass road, Anisabad Patna 2",800002,
The Sun Beam Academy,"Ambedkar Chowk ,Chit kohara Patna-2",800002,
R.K Public school,"Bhikha Chowk,anishabad Patna-2 (near Ram Homeo Chikitsak - NahAR PAR)",800002,School
Ramanujan vikash vidayala,Bhikhachak patna naya tola [vishnupuri],800002,School
Asha Deep Public School ,"Near Devi Mandir, Bhikhachak, Dabaria, Anisabad Patna ",800002,
St Anthoni High School ,"Road No 21, Jankipath, Anisabad, Patna ",800002,
Nancy's junior school,Road no.20 gardnibagh patna,800002,School
St. Paul's international school,Kachhi talab gardanibagh patna,800001,School
Vidya society school,Kachhi talab gardanibagh patna,800001,School
Guide Line Public School ,"Mandir Road, Kachi Talab, Gardanibagh ,P-1",800001,School
Cambridge Academy International,"Near Kacchi Talab, new Yarpur, Patna Janta Road Patna-1",800001,
Gautam Bright Public School/G.B Puclic School,"Janta Road, New Yarpur, GArdanibagh Patna-1",800001,
Kiddy Garden School ,"Yar Pur Road No -1, Gardanipbagh, Patna",800001,School
Nutan Chetan Public School,"Road No. 1, (near Kali Bari Mandir), Yarpur, Gardanibagh,  Patna-1",800001,
Government Adarsh Balak/Kanya Middle School,"New Yarpur, Gardanibagh, Road No.1, Patna ",800001,
lemark english acadany,"Shiv Nagar More, Harni Chak, kalyani colony beaur patna  ",800002,School
Gyan Jyoti Montessori School,"Mitramandal Colony, Anisabad, Patna",800020,
Oxford academy,"Mitra Mandal colony, saket bihar, sector-1, anissabad patna",800002,School
The B.D.M Public school ,"H No. 256, Balmi Chak, Anisabad, Purnandu nager patna",800002,School
Park Mount Senior Secondary School,"Saket Bihar, Mitra mandal Colony, Anisabad, Patna",800002,
Gyandeep Academy,"Saket Bihar, Mitra mandal Colony, Anisabad, Patna",800002,
Government Mahesh High/Middle School,"Phulwari Sharif, Anisabad, Patna",800002,
Holy cross school,Polic colony anisabad mani road patna,800002,School
Jesus Christ School,"C/166, Police Colony, Anisabad, Patna",800002,
Gyan Jyoti School,"C/88. Police Colony, Anisabad, Patna",800002,
S.V Public school,3\47 Polic colony Anisabad patna,800002,School
Mother Tressa Mission sohool,Opp-b-26 Polie colony Anisabad patan,800002,School
Emmanuel mission public school,Purnandu nager khoyaimli phulwarri sarif patna,800002,School
Kautilya Public School,Alinagar Anisabad Patna,800002,School
S Raza girls high school,Ali nager anisabad patna,800002,School
Gyanvi Public School,"Near Surya Mandir, Anisabad, Patna",800002,
Kids intrnational School,"Gulshan palza, Ali Nager Anisabad patna",800002,Play School
International Public School,Road no-A\3 Ali nager Anisabad Patna,800002,School
New Horizon Academy,Alinagar Anisabad Patna,800002,School
S Raza high school,Ali nager anisabad patna,800002,School
Stepping stone convent,"Alinagar, Anisabad, Patna (behind International School)",800002,School
St. Maxwell High School,"Alinagar, Anisabad, Patna",800002,
Kids cherry Garden,"Alinagar, Anisabad, Patna (near mosque)",800002,School
St. Tagore High School ,"Balami Chak, Anishabad Patna-2 (next to Rajkiya Vidyalaya)",800002,
Moring Glory Play School ,"Near Sonali Auto, Harnichak, Anishabad,Patna-2",800002,
Holy mission public school,Road no.39 raghunath tola anishabad patna  (harinarayan he ghar mein),800002,School
Bal Vikash Vidayala ,Road no.39 raghunath tola anishabad patna ,800002,
Springdale public high school,"H. No. 89, Road no.39 raghunath tola anishabad patna ",800002,
Rising sun academy,"H. NO - 135, Road no.39 raghunath tola anishabad patna ",800002,
Gyan Pragati Avasiya Vidayalaya,"Ragunath Tola, Anishabad Patna-2",800002,
Sahid bhagat sing academy sahmat vidyala,Chitkohra gardanibagh road no.23 patna  (near Manohar mandir),800002,School
Sri Daroga Prasad Ray Ucha Vidyalaya,"Gardanibagh, Chitkohra market, Patna (near Manohar Mandir)",800001,
St. James high school,Road no.21 near church patna,800002,School
Government Shramik Middle School,"Yarpur, Kahagol Road, Patna",800001,
Hill Grove Academy,"Yarpur, Khagol Road, Patna",800001,
K.N. St. Francis,Mithapur Patna-1,800001,
Sanjay Gandhi Mahila Maha Vidyalaya,"Yarpur, Kahagol Road, Patna",800001,
Gyan Sarover School,Yarpur Patna-1,800001,
Government Primary School,"Block-Gardanibagh, Dom Khana, Yarpur, Khagol Road, Patna",800001,
Gurukul Gayan Niketan ,Yarpur Yogia Tola Patna-1,800001,
Vivekanand memorial academy,Surbhi path jakkan pur patna ,800001,School
South Point Public School,"Near Laxmi Mrket, Jakkan Pur, Patna -1",800001,
Sharp Public High School,"Old Jakkanpur Kausalya Bhawan, Kahar Toli, Patna",800001,
Gyanodaya Montessori School,"OLD Jakkan pur, Patna -1 (Beside Sharp high School)",800001,
Ram Chandra Singh Sanskrit Primary/High School,"Old Jakkanpur, Patna",800001,
Adarsh Vidaya Mandir ,"Bajnath Mahato Margh, Old Jakkan Pur  Patna",800001,School
Adarsh Vidya Niketan,"BN Mahato Marg, Old (near GPO) Jakkanpur (near police station) Patna-1",800001,
R.P. Preparatory,"Baijnath Mahto road, Old Jakkan Pur, Patna",800001,
S.S. Preparatory School ,"Janta Road Old Jakkan Pur, GArdanibagh P-1",800001,School
R.K. Mission High School ,Janta Road Old Jakkan Pur P-1,800001,School
Repose International School,"New Yarpur, Janta road, Gardanibagh Patna ",800001,
Navrangi Academy ,"Janta Road, Vir Kuwan Singh Nagar, GArdanibagh Patna-1",800001,
Deksha Anglo Vedic Public School,"Machali Gali, New Jakkanpur Patna-1",800001,
Residential adarsh Indian Sainik School,Aziz Road Mitthapur P-1,800001,School
St. Patrick Academy,Aziz Road Mithapur Patna-1,800001,
Sant Mary Academy,"Aziz Road, Mithapur Patna-1",800001,
Shivam Public School,"Aziz Lane, Gauriya Math,  Mithapur P-1",800001,School
St. MG Public School (english),"Kanulal Road, Mithapur patna",800001,School
St. M.G.High school (hindi)\Model St. xavier jr.school,Kanulal Road Mithapur P-1,800001,School
Royal Children Academy,Mithapur Patna-1,800001,
Swami Vivekanand Scientific High school,Mithapur Bengali road B area,800001,School
Annie Besant National School,"Bengali Road, Mithapur patna",800001,School
Shivam Public School ,"Near Bhargau Saw Mill, Khagaul Road, Patna-1",800001,
S R Vidyapith,"Khagaul Road, Mithapur Patna-1",800001,
Dayanand Vidyalaya (boys),"Mithapur, Patna, Khagol Road",800001,
Saraswati Vidaya Mandir,"Khagaul Road, Mithapur P-1",800001,School
Dayanand Kanya Vidyalaya ,"Kanulal Road, Mithapur, PAtna",800001,
Divya gyan public school,Gandhi path goriya math patna,800001,School
Vidaya Mandir School ,"Shivpuri vishnupuri, Ambedkar Chowk,  patna",800002,
Bansi Nilay (Smariti Vidaya Mandir),"Bhikha Chowk,anishabad Patna-2",800002,School
Indian public school ,"Alkapuri, Road NO 9, gardanibagh patna",800002,School
St. Loretto academy,"Alkapuri, gardanibagh patna",800002,School
Bidya bihar,"Alkapuri, gardanibagh, patna",800002,School
Adarsh Gyan Kunj,Saristabad west tola main road patna,800002,SChool
Bal Vikash academy,Sadhnapuri Patna,800002,School
Star Point public school,Road no.6/D sadhana puri gardanibagh Patna,800002,School
Turning Point school,Yamuna complex Sarista bad Patna,800002,School
New Blue Pearl Public School ,"New Yarpur Jhun Jhun Mahal Road no-1, Gardanibagh P-1",800001,School
St. john's Englih School ,"Yrpur, jhun Jhun Mahal, (near New Blue Pearl School)New Jakkan pur, patna ",800001,School
K.P.S.Memorial High School,"Jhun Jhun Mahal, Gardanibagh,  P-1",800001,
Bal Bharati New Montenssori School ,"Jhun Jhun Mahal, Gardanibagh, New Yarpur,  P-1",800001,School
Doon Resedentional Public School,"Mandir Road, J.P.Nagar, Sipara ,Patna-1 (near Bypass- sipara pul)",800001,
Anand Public school,"Devi Market, Near Sipara Pul, Jayprakash Nagar Patna",800001,School
Universial Residential High school,"Near Shiv Narayan Market - Bypass, J.P.Nager Patna-1",800001,
Prakritik School ,"Gaya line, Jayprakash Nagar Patna (near Sipara pul)",800001,School
Mother Teresa Tiny Tots English School,"Narayan Market, J.P.Nager Patna-1",800001,
Adarsh Vidaya Kendra,"J.P.Nager, Post office GPO, Near Telephone Exchange Patna-1",800001,
S.P. Montesory School,"Chandpur Bela, Pani Tanki, Jakkan Pur Patna -1",800001,
St. John's English school,"Near Pani Tanki, Chandpur Bela, Jakkan Pur Patna",800002,School
Gauri National English School,"Gaya Line, Chandpur Bela, Patna ",800001,
Azad Bharti Public School,"Gaya Line (Near GPO) , side gali of Hans Bhawan, Chandpur Bela Patna",800001,School
DPA Gyanoday ,Chandpur Bela Patna -1,800001,
SNED public school,"Purandarpur gayaline road Near jakkanpur police choki , Patna",800001,School
St. Jr. Memorial Academy ,"B Area, Bengali Road, Mithapur Patna-1",800001,
Azad public school,"Yarpur, Shivaji path, Gardanibagh, patna",800001,School
Rising Star Public High School,Near Balaram Baba Yarpur Patna-1,800001,
St. M.G. High School (Hindi),Yarpur Patna-1,800001,School
Deharadun Public School ,"Neharu Lane Mitthapur B Area,P-1",800001,School
B Mount Convent Academy ,Neharulane 'b' Area Patna-1,800001,
Florida International School,Sundar Bhawan Kunaulal Road Mithapur Patna-1,800001,
Patna public School ,"Ram gobind Singh Path, Jayprakash Nagar, Jakkan Pur, Patna",800001,
C.D.S. Nationals School,"H. No 35, Near Doon Public School, J.P.Nager Patna-1",800001,
Nalanda International school,"Ram Gobind Singh Path, west Jayprakash nagar, Patna",800001,School
Bal Vidaya Niketan ,"H. no 829, West J.P.Nagar, Jakkan Pur ,Patna-1",800001,
Vikash Vidayalaya ,"H. NO. 824, first Floor, J.P.Nager Patna-1",800001,
Kids Arcade,"Bubaneswari Kutir, Vilaspur house, opp Lal Market, Anand Puri Patna-1",800001,
ST. Domnic Savio`s academy,"91 A , Boring Canal Road, Anand Puri Patna-1 (near Panchmikhi Hanuman Mandir)",800001,
jack and jill academy,"Near Brajkunj appartment alok niketan annandpuri, Patna",800001,School
Marshall`s acadmey,"west Boring canal road Building no.2, Patna (near Panchmukhi Hanuman Mandir)",800001,School
Baldwin`s sophia ,"Boaring canal road, Patna",800001,School
St. Paul's Sr.Sec.School,"25 A/b, Sahdeo Mahato Marg,  S.K.Puri Patna-1 (near Bikaner Sweets)",800001,
Shivam Public School,"E 121, Satya Sadan, SK Puri, Boring Road, Patna",800014,
A.V.N.English School,E/11 1st floor Krishna appartment,800001,School
Central Public School,361 Nehru nagar (near HP Gas Godown) Patna,800013,School
St. Christ Kids Academy,"H. No. 41, Nehru Nagar, Near HP Gas Godown, Patna-1",800001,
Masoom school,"340, nehrunagar north HP gas Godown, Patna ",800013,School
Arambhika,"298 Nehru Nagar, Van Vibagh Road, Patna ",800013,
Residential Shanti niketan Public school,"Nehrunagar Opposite van vibhag, Patna",800013,School
Divya Jyoti Gurukul,233/2 Ray ram vriksh path Nehru nagar ,800001,School
A.R. Public School,"Nehru Nagar, road NO. 5 Patna-1",800013,
M.R. public school,"H. NO 505, NehruNagar Patna",800001,School
St. Francis Xavier`s School,519 Nehrunagar patna,800013,School
International school,"AN Path, S K Puri, Patna (near Alpana Market)",800001,School
New Delhi Public School,"SC/23 Mana Singh Lane, North SK Puri, Boring Road Patna-1",800001,
Vikas Residential Public school (adarsh Vikas public School,"1/3 Vivekanand Marg, North S.K Puri, Boring Road, Patna",800001,School
ST. Karen`s High school,"Opp Children Park, S.K Puri, patna",800001,School
Happy High school,Sri Krishna puri Patna,800001,School
Patna Montessori School,"Opposite shalimar studio, Montessori Lane, Boring road",800001,
D.A.V.Public School ,B.S.E.B.Colony New Punaichak P-23,800023,School
Comford Senior Secondary School ,"Rajwansi nagar,Patna",800023,
Kids Garden ,"Shashi Mohini, Sbi Bank Road, New Punaichak,  Rajwansi nagar,Patna",800023,
Mount Glory Academy ,"New Punaichak, Rajwansi nagar,Patna (near state bank)",800023,
G.D. Public School,"Rajwansi Nagar SBI ATM, New Punaichak, Patna",800023,
J.S. Montessori High School ,"Professor Colony, West Shiv Puri, Patna",800023,School
New St. Karen's School ,Near Pump House Punichak P-23,800023,School
B.P.L. Residential Public School,"Mohan Pur, Punichak ,P-23",800023,
Vidaya Niketan ,Rai Bhawan Mohan Pur Punaichak P-23,800023,School
Saraswati Vidayalaya,"Mohan Pur Punichak ,P-23",800023,School
National Public School,Baldev Bhawan Road Mohan Pur Punichak P-23,800023,School
Gratious Academy ,"A/5,Sri Ram Path Punaichak P-23",800023,School
Win Academy,"Mohan Pur, PunaiChak, Patna",800023,
Blooming Birds Academy ,Rajbansi Nagar _P-23,800023,School
East &west Point School ,"Baldeo Bhawan road ,Punai Chak Patna",800023,
Sagar High School ,Punaichak Devi Mandir Road P-23,800023,School
Holy Mission Academy ,"S.K. Puri, B/183, Boring Road, Patna",800001,School
Adarsh Vikash Vidyalaya,"S.K Puri, D-64, Patna",800001,School
RPS residential Public school,c/19 Basawan Path South s.k puri patna,800001,School
New south Point Public school,"M,3 -17 Bsawan Park Shri Krishna puri Patna",800001,School
St. joseph High school (primary),c/19 Basawan Path South s.k puri patna,800001,School
Sambodhi school Of excellence,SK puri opposite krishna appartment,800001,School
New St. Joseph High School,"C-51, Basawan Path, South S.k Puri, Patna",800023,
Prarambhika,Boring Road Patna-1,800001,
Shivam Public School,New punichak boring canal road patna,800001,School
St. john`s High school,"east boring canal road, Patna",800001,
St. Pauls High School,"East Boring Canal Road, Patna-1",800001,
Blossom Nursery School,"East Boring Canal Road, Main road buddha Colony, Patna",800001,School
Baldwin Academy,"East Boring Canal Road, Patna",800001,
Campion Academy ,"Main Road Buddha Colony , Patna",800001,School
St. Paul school,"Buddha Colony,  East Boring Canal Road, Patna",800001,School
Tiny Tot Kids World School ,"Vina Sadan, Buddha Colony, Patna",800001,School
P.D. Public School,"Saryu Sadan, Buddha Colony, Patna",800001,School
R.L Academy,Main road Budha colony Patna,800001,School
A.V Public School,Main road Budha colony Patna,800001,
Little birds Academy,Main road Budha colony Patna,800001,
Akhil vishva gayatri parivar,"North Budha Colony, gaurya sthan, Patna",800001,School
Sant Public school,"Plot no. B/119, Buddha Colony Patna ",800001,School
Camil Bulke School Of Learning,"Nageshwar Colony  Opp. P&T Community Hall, Patna",800013,School
Little Garden School,SK Nagar Patna road no.23,800001,School
St. M.G High School,"Ramuchit Mishara Path, East Boring Canal Road, Patna",800001,
Modern Era junior School,"Sri Ram Path, New Jakkanpur Patna-1",800001,
New kids international school,"H No. 35, New purandarpur shivpath patna (near do pulwa), Jakkan Pur",800001,School
Indian Slums Charity School,"Chapra Colony More, Chandpur Bela, Jakkan Pur, Patna -1",800001,
Sun flower Academy,"Deep Lal Gali, Chandpur Bela, Jakkan Pur, Patna -1",800001,
St. Francis National School,"Indrapuri, New Sipara Patna-20",800002,
Annine Besant Public school,Sipara Patna-20,800001,
St. Mount Convent School ,Indian Oil Corporation (IOC) Road Sipara Patna -20,800020,
St. Ravindra Bharti Residential School,IOC Road Sipara Patna 20,800020,
Mother Teresa High school,IOC Road Sipara Patna 20,800020,
Red Rose High School,"Pragati Nagar, Sipara, Patna",800020,
R.N.T High School  ,Shanti Path Chandpur Bela Patna-1,800001,
Little Nest Convent High School,"DVC chawak (gate), Near Smriti appartment, Jakkan Pur, Patna",800001,School
Bal Vatika High School,"Ram Lakhan Mahoto Flat, Old Jakkan Pur P-1",800001,School
Sun Rise Public School ,"Ram Lakhan Mahato, Old Jakkan Pur , Patna ",800001,School
Annie Besant Res.School,"Ram Jatan Singh Lane, Jakkanpur Patna-1",800001,
Model Saraswati English Academy ,Vishnupuri chitkohra anishabad patna (near Holy land School),800002,School
Gyan vigyan school,A\63 alka puri gardnibagh patna,800002,School
Thomas hardy english academy,Jagat seel bhawan A\64 alka puri patna,800002,School
S.D.R.Public School,"New Alkapuri,  Patna",800002,School
Radha devi madhya Vidyalaya,Sadhanapuri saristabad west tola patna,800002,School
R.L. English Academy,"New Yar Pur Road No -1,(Kailash bhawan) P-1",800001,
New kalika accademy,"Naya Tola, Saristabad, (Near Kailash Bhawan), Patna",800002,School
G.V.N.Public School,"Sarista Bad P-1, Jakkan Pur, Gardanibagh (near Durga Mandir)",800001,School
M.G.Public School ,"Sarista Bad, Gardanibagh, Jakkan Pur , (Near Durga mAndir)",800001,School
Ashoka Public School,"Kailash Bhawan, Near Durga mAndir, Saristabad, Patna",800002,
S.M Convent School ,"Narayanan ,Nagar Balmi Chak Patna-2 (near devi mandir road)",800002,
S.A.V Public School,"Mitra Mandal Colony, (near Khushi Homeo Clinic)  Anisabad, Patna",800002,
Cresent Sainik Academy,"Haroon Nagar, Near choti Masjid, Anisabad - Phulwari Sharif, Patna",800002,School
Holy Trinity school ,"Haroon Nagar, Near Choti Masjid Sector 2, Fulawri sarif, Anisabad patna",800002,School
Adharsila Public School,"Malahi Pakari Chowk K.Bagh ,Patna-20",800020,
New Era Public School,"M.I.G.-237,Lohia Nagar K.Bagh,Patna",800020,
Nazarath Acadamy ,"16cc,Pc Colony,K.Bagh Patna 20",800020,
R.P.S. School,"J/11, Near J Sector, Main Road Ashok NAgar Patna",800020,School
Bharati Niketan School ,"Ashok Nager ,Road no-14B K.Bagh Patna",800020,
Vikash Vidayalaya ,14/14East Ashok Nagar K.Bagh P-20,800020,School
R.K.Misson School ,Ashok Nagar Road no 11 K.Bagh P-20,800020,School
Patna St. Xavier's school,"Ashok nagar,k.bagh patna (near Dwarka College)",800020,
Kiddy Learning School,"Ashok Nager Road No-14, (Near Dwarka College - New Bypass)",800020,
Tinny Tot Academy ,K.Bagh Patna-20,800020,
Watsalaya School,"PC Colony ,K.Bagh ,Patna-20",800020,
St. Paul's international school,"MIG 41, lohihnagar kankerbagh patna",800020,School
M.D.S.International School,"B/135, Between Panch Shiv Mandir and shalimar sweets,Main Road Kankar Bagh, Patna",0,
Lohiya Nagar Mount Carmel,A/14 opp-punch shiv mandir kankarbagh patna,800020,School
St. Micheal's High School (Central),"A-16,Housing Colony,K.Bagh.",0,
S.V.D Memorial English School,"A-44,K.Bagh Housing Colony",800020,
Ideal Children High School,"A-56,Housing Colony,K.Bagh Patna",800020,
Tiny heart high school ,A\133 housing colony kankerbagh patna,800020,School
St. Anns English School,"A-136,Housing Colony,K.Bagh Patna ",800020,
H.S Public School ,"C-22,Housing colony K.Bagh",800020,
J.D public school,C/46 housing colony kankarbagh patna,800020,School
St. Mathew High School,"D-160,Pc Colony,K.Bagh Patna",800020,
Mary Mount High School,"D-125&126,Pc Colony,K.Bagh Patna",800020,
Rotary Public High School,"D-76,Pc Colony,K.Bagh Patna",800020,
Crescent Acadmy,"E-31,Pc Colony,K.Bagh Patna",800020,
Sarswati Vidhya Mandir,"F-198,PC Colony,K.Bagh Patna",800020,
Desire Public School,"F-169,Pc colony,K.Bagh Patna",800020,
St. Mary's Mission school,"R.M.s colony,K.Bagh Patna",800020,
St. Mark Residensial Public School,"R.M.s colony,K.Bagh Patna",800020,
Residesial Gyandeep Public School,"R.M.S Colony, NearP.o, K.Bagh Patna",800020,
Green Garden Public School (Residential),"R.M.s colony,K.Bagh Patna (near New Bypass)",800020,
National Kids Paradise,"East Indra Nagar, Road No 2(Opp R.m.S Colony) K.Bagh patna",800020,
Residential Patna public high school,"East Indra Nagar, Road No. 5, Kankerbagh, patna",800001,School
Rose International Public School,East Indira Nagar RoadNo-4 K.Bagh Patna,800020,
M.D. National high School,"Ram Lakhan Path, Ashok nagar, Bhijpur Colony Road nO 8 K.Bagh patna (near Bypass)",800020,
M.G.M High School,"Ram Lakhan Path, Bhojpur Coloy, Road No. 8, Ashok Nagar, Patna",800020,
P.P Public School,"Ram Lakhan Path, Road No. 8, Ashok Nagar, Patna",800020,
Holy Mission Public  School,Ashok Nagar RamLakhan Path Patna-20,800020,School
Shirsti central school (Devendra Memorial),"Ashok nagar, Devendra Lane,  road no.8, Kankarbagh, Patna",800020,School
New Creative Convent ,"Indira Nagar,PostalPark K.Bagh,Patna",800020,
V.A. Public School,"Sanjay Nagar Main Road, Kankarbagh patna",800020,
Kishu Preparatory English School ,"Sanjay Nagar Road No 2, Kankarbagh Patna 20",800020,School
St. Agnes English School ,"Indira Nagar,PostalPark Road no4&9 K.Bagh,Patna",800001,School
New Patna Centeral School ,"South Indra Nagar Road No-9,P-1",800001,School
Sri Krishna Chandra Seminary,"S.K Chandra Lane,Bigrahpur,Jakanpur, Patna",800001,
Doon Public High School ,"Bank Colony Road No 4, Kankarbagh P-1",800020,School
Central School ,"Indra Nagar Park Road No-3 ,P-1",800001,School
S.M .Mission School ,"South West of Indra Nagar, Road No 1, Kankarbagh",800020,School
Shishu Vikash Vidayalaya ,"Indra Nagar Road No 1, Kankarbagh, Patna ",800027,School
Royal convent high school,"Bigrahpur,near Devi Asthan, Near New Bypass, Kbagh , Patna",0,
Saraswati Siksha Sadan ,"Bigrahpur Bypass Road , Patna",800027,School
Royal convent high school,Dayal Sadan Ram nagar road chiraiya tard patna,800001,School
Bright career school,"Karbighaiya, (near Mithapur New bus stand) patna",800001,School
saraswati shiksha niketan,"Main Road, Near pul, Karbighaiya patna",800001,School
Natural Abhyash academy,North chandmari road kankerbagh patna,800020,School
S.P Memorial Public School,North chandmari road kankerbagh patna,800020,
L.S academy High School,Chand mari road gali no.1 patna,800020,
Subham convent,"Chand mari road gali no.3, Kankarbagh, patna",800020,School
City Centre Public School,North chandmari road kankerbagh patna,800020,
St. Marx academy,Chandmuri road kankarbagh,800001,School
Saraswati Vidya Mandir,Azad nagar road no.1 kankaerbagh,800020,School
S.V.D Convent,"Ashok nagar,Road No 1F, k.bagh patna",800020,
Juniour St.Xaviour school,"Ashok Nagar,Road no-1",800020,
Indira's convent,"1/49, Road No.- 7, Ashok nagar, K Bagh, Patna",800001,School
Patna st.michales high school,Ashok nagar road no.3 kankerbagh patna,800020,School
Rotary public high school,Ashok nagar road no.3 kankerbagh patna,800020,School
Paras academy,Ashok nagar road no.3 kankerbagh patna,800020,School
Vishal International Convent,Ashok nagar main road no.1 near dwarika college,800020,
Shishu Gyan Mandir ,"Ashok Nagar Road No. 2, Near Dwarka College, Kankerbagh, Patna",800020,
Anand International school,"Chiraya tard, Kankarbagh, patna",800001,School
New Sacred High School,"Khash Mahal,Chiriyatad, Kbagh, patna",800020,
R.P Residensial public School,"Ram Nagar Road,Patna.",800001,
A.N. Modern Public School ,"Ram Krishana Nagar Near Bypass (east of Telephone Exchange,) New Jaganpura",800020,School
Holy Faith International Public School,"Shivaji Chowk,Ram Krishna Nagar, Near New bypass, Patna",800020,
Patna Convent ,Shiva Jee Chowk R.K.Nagar K.Bagh Patna-27,800027,School
Maurya Public High School ,"Divaya Colony R.K.Nagar , Patna P-27",800027,School
Gyan Sagar ,"R.K. Nagar P-20, Shekpura Road ",800027,School
Rajeev Gandhi International school ,"Ram Krishana Nagar, Shekpura Road (side Gali ,P-20",800020,School
Elite Public School ,"Ram Krishana Nagar, Near Bypass ,Patna",800027,School
Adarsh Gyan Niketan,"Ram krishna Nagar, Mother teresa Path, Patna",800027,
Pragati Misson School ,Agriculural Researchh Institute Near Mittapur,800020,School
Magadh Public school ,"Surbvi Vihar ,Near Agriculture Research,  Patna",800020,School
St. Xavier's School,"Bhupati Pur, Thakurbari Road, Patna, Near Bypass, Patna",800020,
Arti shishu pathshaala (Behenji Ka Pathshala),"New karbighiya, Opp Junction Second Gate, Patna",800001,School
Jesus children school,"Karbighaiya Main Road, Near Hamraj band, patna",800001,School
Vatsalya Niketan,"Chandmari Road,Ajad Path ,patna",800020,School
Patna public school,"Tarkeshwar Nath Path, chiraya tard patna",800001,School
R.K Residential Public School,"Buddha Nagar, Nala Road - Postal Park, Kankerbagh, Patna",800020,
New Doon Kids Paradise School ,"Near Postel park Chauraha, Kankar bagh Patna",800001,
Anand marga School,"Postal Park Road no. 1, Near Auto Stand, K.Bagh Patna",800020,School
Gitanjali convent,Nand shyam B\168 p.c colony kankerbagh patna,800020,School
Happy Child School/residential (branch 2),"G 41, PC Colony, Kankerbagh Patna",800020,
Happy Child School/residential,G-1 p.c.colony kankerbagh patna rajni path (branch Office),800020,
Doon Academy ,"G-2,Oppisite, Sri Ram Hosptal, K.Bagh Patna-20",800020,
M.R.G Centeral School ,"G-21,Pc Colony ,K.Bagh Patna-20 ",800020,
Adhyan foundation,A\167.p.c.colony kankerbagh patna ,800020,NGO School
South Point School ,"A-113,Pc Colony,K.Bagh Patna-20",800020,
Achivement Centeral School,"Jagan Pura, Bypass, Opp Central School P-20",800020,School
J.N.Girls High School,"New Jagan Pura,Near Patna Central School, Patna (across New Bypass)",0,
Patna Central,"Near Bypass, K.Bagh Patna-20",800020,
New Progressive Academy (School),"Lalu Path, Sohrang Pur Road,RamKrishna nagar,Near,LP Shahi College",800027,
Baby Brilliant High School,"Sanjay Nagar,Main Road Patna (near new Pass)",800001,
Patna Loretto Academy,"Milan Lane, PC Colony, K.Bagh Patna-20 ",800020,
S.K. Vidaya Vihar,"A-41,Pc Colony,K.Bagh Patna-20",800020,
Saraswati vidya niketan high school,Near sing bajaj show room kankerbagh (near Colny)patna,800020,School
Satsang BalShiksha Sansthan,"Satsang, K.Bagh,Patna (Near Tempo Stand - behind Shivaji PArk, Kankerbagh, Patna",800020,
Residesial Kids World Academy/ Residential Radient Public School,"MIG 253, Lohia Nagar, Kankerbagh (Satsang Road)",800020,
St. Anthony Acadmy,"M.I.G-271,K.Bagh,Patna (satsang Road)",800020,
Sanjay Gandhi Balika High School,"M.I.G-330,Lohiya Nagar K.Bagh Patna (near Shivaji Park Road)",800020,
Createve Cottage Gurukul,"Gang Gotri complex Rainbow field,Patna",800020,
S.S.P.International convent,"Defence Colony-215,Ashok Nagar,KankarBagh",800020,School
Gurukul Shiksha Niketan,"Defence Colony-215,Ashok Nagar,KankarBagh",800020,
Aklavya Kids International,"Ashok Nagar, Road No. 8, Kankarbagh, Patna (Near Jyoti Medical)",800020,
Bright Way Academy,"Ashok Nagar, Road No. 8, Kankarbagh, Patna",800020,
Loyalla Convent,"Ashok Nagar, Road No. 8, Kankarbagh, Patna",800020,School
Saint Johan's Academy ,Ashok nagar Road No-8A K.Bagh P-20,800020,School
Mission Public High School,"Bigrahpur,near New Mithapur Bus Stand, Patna ",0,
St. Tagore public School,"Big Rah Pur,Jakkan Pur Patna",0,
C.D Mission School,"R.M.s colony,Newbyepass K.Bagh-Patna-20",800020,
The Indian Public School ,South RMSColony Near Bypass Road K.Bagh P-20,800020,School
S.S.English Academy,"New Jagan Pura,Near Pcs, Across New By Pass, Kbagh , Patna",0,
Mother Teressa Kids School,"Trideo Mandir, New Jaganpura P-20",800020,School
S. N Memorial High School,New Jakkanpur Ramkrishna Nagar Patna,800001,School
Sigma Public High School,"New Jaganpura, ITI Road, Patna",800020,
Shishu Gyan Mandir ,"New Jaganpura, Khemnichak, Patna ",800027,School
Patna Shishu High School ,"Jagan Pura, Shekhpuara Road, Patna P-20",800027,School
Patna Kids Convent,"Sudarshan Vihar New Jagan Pura,Patna",800027,
Patna Kids Central School (Centre),"Opposete Patna Central,School,Patna (Across New BY-Pass), Kankerbagh, Patna",800027,
Shahi International School,"Near Bypess Road Near KishanBhawan,Patna-",800020,
Guru Convent ,"Subash Nagar, Khamnichak P-27 Main Road",800027,School
Gyan Darshan Public School ,"Subash Nagar, Khamnichak P-27 Main Road",800027,School
Navodaya Shiksha Niketan,"Near BSNL Tower, Khemnichak, Patna",800027,
Bhaba central school,"Kunti Market, Khemamchek, patna",800027,School
New St. Poul Public School ,"Adarsh Colony, New Brahmpur,Khamnichak P-27 Main Road",800027,School
New Cambridge school ,"Adarsh Colony, Road No.-1, Khemnichak, Patna",800027,
Kids care school ,"Anand bhawan adarsh colony road-1, Khemnichak, Patna",800026,School
Adarsh Central School,"Adarsh Colony, New Brahmpur,Khamnichak P-27 Main Road",800026,
Bright Land Eng School,"Maa Sharda Complex, Khamnichak, Ruasnagar P-27 Main Road",800027,School
Adarsh International School,"Mangal Chowk, Khamnichak P-27 Main Road",800027,School
Pataliputra Residential School ,"Mangal Chok ,Khamnichak Main .",800027,School
Residential budha central school,"Khemnichak, New Jaganpura, Patna",800027,
PC Academy,"Mathura Singh Market, New Bramhpur, Khemnichak, Patna",800027,
Gyan Peeth Public School,"Mangal Chowk, Khemnichak, Patna",800027,
Delhi Model School,"Before Gulki more, Khemnichak, Patna",800027,
C.D.Public School ,"Adarsh Colony, Road No. 5, New brahmur, Naya Chak, Patna ",800027,School
JD Kids academy,"Naya chak, PO - mohan nagar, Ram Krishna Nagar patna",800026,School
St. Joseph's pre. School ,"Hanuman Nagar,Near Ambedkar Chowk",800020,School
Mahatma Gandhi Madhya Vidayalaya ,"Hanuman Nagar,Near Ambedkar Chowk",800020,School
Vidhya Niketan Whole DayResidental School,M.I.G.Hanuman Nagar K.Bagh P-20,800020,School
Image International Public School,"M.I.G-49,Hanuman Nagar K.Bagh P-20",800020,School
Magadh Senior Secondary School,"MIG 177, Hanuman Nagar, Kankerbagh, Patna",800020,
Gyan Vikas School,"MIG 93, Hanuman Nagar, Behind Pani Tanki, Kankerbagh, Patna",800020,
D.S.Progressive Academy ,"Vivek Vihar/Roadno-1,Hanuman Nagar ",800020,School
Patliputra Vidayapith,"Vijay Nagar, Vivek Vihar, Hanuman NAgar K.Bagh P-20",800020,School
Hope Public High School,"Dwarika Puri ,Hanuman Nagar K.Bagh P-20",800020,School
Green Land International School ,"K-167,Hanuman Nagar,Patna-20",800020,
Saraswati Vidya Mandir,"k-120, Hanuman Nagar, Saudagar Path, Kankarbagh",800020,
New Era High School ,"Hanuman Nagar, Pani Tanki Road, Near SBI, KBAgh, Patna",800020,School
Bhabha Central School ,"Bhabha Colony, Hanuman Nagar,K.Bagh P-20",800020,School
National Public  High School,"Bhabha Colony, Hanuman Nagar K.Bagh P-20",800020,School
Shanti Niketan ,"Bhabha Colony, Hanuman Nagar,K.Bagh P-20",800020,School
S.V.D Memorial English School,"Shivchandra Path, Hanuman Nagar, (near Pani Tanki), Kankerbagh, Patna",800020,
Centeral St.michal High school,Sanjay Gandhi Nagar Road Kali Mandir Road (near Dadima Sweet) K.Bagh P-20,800020,School
Kids Care Public School,"Near Dadima Sweet's Corner Aofeet Road, Hanuman Nagar Patna",800020,
A.G.P. convent ,"Dananjay Housing Cooperative Society ,Road No-3A , Dwarkapuri, Hanuman Nagar ,K.Bagh Patna-20",800020,
Sun international High School ,"K-3,Devi Market Malahipakri Chowk,K.Bagh",800020,
Heritage Public School,Malahi Pakri K.Bagh P-20,800020,School
Delhi Model High School ,Malahi Pakri K.Bagh P-20,800020,School
Ishan International School ,"Malahi Pakari,Chowk K.Bagh ,Patna-20",800020,
Oxford Academy High School,"K-115, P.C Colony, K.Bagh Patna-20",800020,
Stepping Stone Convent,"K-116, Hanuman Nagar, Kankerbagh Patna",800020,
Sun high School ,"K-91,Hanuman nager K.Bagh ,Patna-20",800020,
Teresa The Mother Public School ,"Madhuwan Complex, Malahi pakriK.Bagh P-20",800020,School
Pragaya Vikash vidyalaya ,"Madhuban Complex, Malahi Pakari (beside The mother teresa school) ,K.Bagh Patna-20",800020,
Magadh Senior Secondary School,"MIG 233, Malai Pakri, Kankerbagh, Patna",800020,
Sanjay Public School ,"P-537, Vidya Puri,East Of Malahi Pakri K.Bagh P-20",800020,School
Shivam Convent ,Sachivalay Colony Opp.Kendray Vidayalaya P-20,800020,School
Doon centeral School ,Sachivalay Colony Opp.Kendray Vidayalaya P-20,800020,
Upkar Public School ,"A-38, Sachivalaya Colony Opp. Kendriya Vidalaya ",800020,School
Centreal Public School ,"P.I.T.Colony L2/21,K.Bagh P-20,",800020,School
Adhunik Pathsala ,Sachivalay Colony Opp.Kendray Vidayalaya P-20,800020,School
R.S.Public School,"A/37,Sachiwalaya Colony opp.Kendriaya vidyalaya K.bagh",800020,
Rajendra Public High School ,Mahatama Gandhi Nagar Kati Factori Road ,800020,School
Meridian convent high school,"MG nagar, Bhootnath Road, Patna ",800026,School
Xavir's academy ,MG nagar beside of maa community hall behind pix 13,800020,School
Wonder Land High School ,Mahatama Gandhi Nagar Kati Factori Road ,800020,School
Sindhu public school,2M\76 B-H colony bhootnath road K-bagh patna ,800026,School
Shri Hari Vidya Niketan,"Mahatama Gandhi Nagar, Opp Sindhu Public School, Patna ",800026,
St. Francis high school,"Mahatma Gandhi Nagar, 4M/100, Bahadur Pur Housing Colony, Patna",800026,School
Jeevandeep Academy,"Circle no. 50, Holding N0. 296, MG Nagar, Patna",800026,
Bright Careers High School ,"Mahatma Gandhi Nagar, Main road K.Bagh P-20",800020,School
Xavier's international school,"8M\2,B.H.colony, South of TV tower, patna ",800026,School
St. Mary's high school,"Bahadurpur Housing Colony, South of TV tower, Mahatma Ganghi Nagar, patna ",800026,School
G-S.Public school,"B.H.colony sector-7 south of TV tower, Patna",800026,School
Creative school,"Near TV Tower, Bahadurpur Colony, Patna ",800026,School
National Public School,"Bahadurpur housing Colony, Bhootnath Road, patna ",800026,
Cambriyan Convent Secondary School,"Amarnath Mandir, Bahadurpur Housing Colony, Patna",800020,
South Point High School,"Bahadurpur housing Colony, Bhootnath Road, patna (near Amarnath Mandir",800026,
New M.D. Public High School,"Behind Sector 3. Housing Colony, Bootnath Road, Patna",800026,
St. Joseph's High School,"Shanti Niketan Colony, TV Tower, East of Bhootnath Road, Kuhmrar, Patna",800026,
I.G Public School,"Progressive Colony, Bhootnath Road, Kankarbagh, Patna",800026,
Academy of Infant Jesus,"Bhagwat Nagar, Kuhmrar, Patna",800026,
Litera Valley,"Bhagwat Nagar, Kuhmrar, Patna",800026,
Keshav Saraswati Vidya Niketan,"Bhagwat Nagar, Naya Tola,  Kuhmrar, Patna",800026,
Vidya Bharti High School,"Priyadarshi Nagar, Bhagwat Nagar, Patna",800026,
Tapowan Residential School,"Chanakya Nagar, Kuhmrar, Patna",800026,
Blooming Rose Public School/Pratiyogita,"Maurya Vihar, Transport Nagar, Patna",800026,
D.A.V Public School (DR. GL Dutta),"Maurya Vihar Colony, New Transport Nagar, Kankerbagh, Patna",800026,
Vidya Vihar High School,"Kumhrar, Teacher's Colony, Near Kushwaha Panchayat Baithaka, Patna",800026,
New Horizons Public School,"Teacher's Colony near Vidya Vihar High School, Kuhmrar, Patna ",800026,
Residential Patna Public School,"Kumhrar, Teacher's Colony, Near Kushwaha Panchayat Baithaka, Patna",800026,
B.D High School,"Kumhrar Khaas, opp Police Chowki, Patna",800026,
Antar Jyoti Balika Vidyalaya,"Kuhmrar, Near Pancheel High School, Patna",800026,NGO School
Savitri Gyan Niketan,"Thakurbari Road, Savitri Lane, Patna",800026,
Sunrise Shishu Vidya Mandir,"Chanakya Nagar, Kuhmrar, Patna",800026,
R.B.S Residential Public School,"Chanakya Nagar, Kuhmrar, Patna",800026,
Bharti Public School,"Chitrakut Bihar Colony, Bhagwat Nagar, Kuhmrar, Patna",800026,
Alokit Public School,"Shrishti Vihar Colony, Bhagwat Nagar, Kuhmrar, Patna",800026,
Magadh International/Vidyapeeth,"Boothnath Road, Bahadurpur, Patna",800026,
Pratibha Vikas Niketan,"4M/10, Bootnath Road, Housing colony, Patna",800026,
Galaxy convent high school,"2L/73,Mahatma gandhi nagar kankarbagh patna ",800026,School
Nalanda Public School international,"Sri Ram Palace ,kati Factory Road, M.g.nager Patna-26",800026,
Patna International School ,Yougi Pur K. Bagh P-20 ,800020,School
Dadhichi Anglo Vedic School,"Yogipur ,K.Bagh, patna-20",800020,
New Cambridge school ,"Mahadeo Market,Minicic Chitragupt Nagar ,Jogipur More ",800020,School
S.S.Public School ,"South Chitragupt Nagar K.Bagh,P-20 ",800020,School
Oxford Convent ,"South Chitragupt Nagar K.Bagh,P-20 ",800020,School
Sri Gita Prasad Singh School,"Chitragupt nagar,K.Bagh Patna-20",800020,
Gulab Smriti Adunik Pathshala,"South of Chitragupta Nagar, Kankarbagh, Patna",800020,
S.Kid's Cottage High School,"12-Lic Colony ,Chitragupat nagar East Kendriya Vidayala,K.Bagh,Patna-20",800020,
Doon's Public School ,"Chitragupt nagar,K.Bagh Patna-20",800020,
Model Adelaide Convent School ,Chitragupat Nagar K.Bagh P-20 ,800020,School
Sidharatha Inter National School,"N/22, Professor colony ,chitraGuptnagar, K.Bagh Patna-20",800020,School
Morning Star School,"Chitragupt nagar,K.Bagh Patna-20",800020,
Paragon academy,"4M/106, Bhootnath road beside bimlanchal{TV tower}, Mahatama Gandhi Nagar patna",800026,School
Budha public school ,"RC 18, Bhootnath road near SBI patna ",800026,School
Baskalos Academy,"Shanti Niketan Colony, Bootnath Raod, Patna",800026,
Model English School,"Sector 6, Block No. 1, Flat No 1, Bhootnath Road, Patna",800026,
Vernacular high school,"6 MF/6/181, Bahadurpur Housing Colony,near Aprajita apartmentBhootnath road patna ",800026,School
St. Josheps balika ucha vidyalaya,"Beside agamkuwa thana Badarpur housing colony, Patna",800026,School
SDL public school ,"East of Agamkuwa thana, MIG Flat, patna",800026,School
Nimbus Inter National School,"8M/2, Bahadurpur Housing Colony, Kankarbagh",800020,School
Krishna Convent ,"F.S.Sinha Marbels, A-5 ,Vijay nagar Patna-20",800020,
PC. Academy,"New Bypass Road, Khamnichak, West Laxmi Nagar, Patna ",800026,School
Divine Central School ,"East ADM Road, Khamnichak P-27 Main Road",800027,School
CPS International Public School,"South Tarkeshwar Path,Chiriyatad.K.Bagh",800020,
Blue Welsh Academy,"South Tarkeshwar Path, Chirayatand, Kankerbagh, Patna",800020,
Education point Academy,"Chandmari Road, Ramgovind sing path, kankar Bagh Patna",800020,
S.V.D.Academy,"Dr.Ram Govind Singh,Path Chandmari Chowk",800020,
Max Well Academy / Public School,"Behind Panch Mandir, Ram gobind Singh Path, Ashok Nagar, Housing Colony K. Bagh Road P-20 ",800020,School
Sudarshan central school,"Chandmari Road, Behind Panch Mandir, Kankerbagh Patna",800020,
Sona Central High School,"Munshibhagat Path, Chandmari Road, Patna",800001,
Shikshayatan Public School,"Postal Park, Road No. 4, Patna",800020,School
R.N.S Public high School,"Postal Park ,Indira Nagar Main,road patna 01",800020,
St. Paul convent,"Ashok Nagar,RoadNo-14,k.Bagh patna",800020,
New S.V.D Residensial High School,West ashok nagar main road kankerbagh patna (behind Dwarka College),800020,
Gyan Sarovar high School,"East Ashok nagar, Road no-8, K Bagh Patna",0,
childeren Garden public School,"Badar Ghat,Bari Patan Devi,patana-7",800007,
Chacha Nehru Academy,"Gulzarbagh, Patna",800007,
R.K.Public School,Nehru chak Patna-7,800007,School
Anand Niketan ,Durga churaha lane guljarbagh patna,800007,
T.G.H School,"Bari Patan Devi,Mina Bazar,ki gali me,patnacity",800008,
The perfect guidance,Kozi bagh chaili tal road patna,800007,School
Binay vidya niketan,Kazibagh santoshe math gali,800008,School
Bright Way english academy,Khara kuan santoshi neer gali patna,800007,School
Chankya acadenny,"Khana kuan kazi bagh patna opp\ santoshi maa gali, Patna",800007,School
P.J.M.Public School,"Kaji Bagh,Naya Gaun Guljarbagh Patna-7",800007,
Patna city academy,Far par kazibagh patna,800007,School
St. Karen's public,Maharaj ganj makhanpur patna,800007,School
St. Hanuman gyan nikean,Makhanpun parnai mandir,800008,School
Bal Vidya Mandir,"Naya gaun,LadduAkhara,GuljarBagh, Patna ",800007,
Bharat Academy,"Gulabhi Bagh, Patna City",800008,
Maurya Anglo Girls High School,"Malya Mahadev Maharajgang,patna-7",800007,
Bhaskar Vidya Mandir,"Sindahala Tola,Sadik Pur,Patna-7",8000007,
Sahid Bhagat Singh Academy ,"Neem Ki Bhatti Near Sri Satya Narayan Mandir, Guljarbagh P-7",800007,School
New sem house eng school,Jagi ka chauraha n.b road patna,800008,School
The indian public school,Belwangang ashok raj path patna,800007,School
St. christ high school,Bharat pure kothi belwar gang patna,800007,School
Madarsa husainia,"Bagh toli ghasiyari gali, Patna",800008,Madarsa 
Holy Heart Academy ,"Diwan Mohalla,Hamam Patna City",800008,
Gyan sagar public school,Choa lal lane mogal pura patna city,800008,School
Saint Mary English School ,Police chowki gurghatta patnacity,800008,
St. Paul's Academy ,Gai Ghat P-7 (near Gauri Shankar Mandir),800007,School
Mechanzi Middle School,"Guljarbagh Field, Ashok Raj path, Alamganj P-7(Gauri Shankar mandir Mandir)",800007,School
Meridian Public School,"Gauri Shankar mandir road, Asho raj Path, Ulzarbagh P-7 ",800007,School
B.V.S.Convent,"Dakshini Gali Main Road, Naya Gaon, Gai Ghat P-7",800007,School
Mind Growth Public School ,"Jai Hind Gali Road, gaighat P-7",800007,School
Patliputra vidya mandir,Bhadra ghrt eldgah more(ramha school),800008,School
City Public School ,"Tarani Prasad Lane, (Gasiyari Gali) Patna City-8",800008,School
M.A. Ghani Public School ,"Rai Jai Krishna Road, Gurhatta Patna City -8",800008,School
Samarat Ashoka Vidayalaya Vatika ,"Mittan Ghat, Rai Jai Ksishva Road, Patna-8",800008,School
Morning Bells Kids Garden ,"Mittan Ghat, Rai Jai Ksishva Road, Patna-8",800008,School
Mount Carmel Convent ,Mittan Ghat Road Gurhatta Patna City-8,800008,School
Saraswati Temple High School,"Mittan ghat P-8 Diwan Mohalla, Tuli Ghat ",800008,School
St. Anne's High School ,"Behind Padri Ki Hawali, Magalpura, Patna City-8",800008,School
Jubiliant Montessori School,"Padri Ki Haweli, Patna City Sri Ram Mandir Buxi Mohalla, Patna City ",800008,School
City Montessori School ,"Dr.Mashuq Ali Road, Patna City  P-8",800008,School
Rose-Vale Oxbridge School,"Nehru Childeren Park, Charkh School Ke Begal, Gurhatta Patna-8",800008,School
Saraswati Vidayala Niketan,"Mogalpure, Sui Ki masjid, Patna City H2070",800008,School
New National english School ,"Mogalpura, Nawdhal, Patna-8",800008,School
Daffodil Public School,"New Azimabad Colony, Sultanganj, (Nala Pe), Patna",800006,
D.C.N Public School,"New Azimabad Colony, Sultanganj, Patna",800006,
Radiant School,"New Azimabad Colony, Sultanganj, (mahoni House), Patna",800006,
Feather Touch ,"New Azimabad Colony ,Sandalpur Road patna-6",800006,
Prabhu Tara High School ,"Shakri Gali, Sher Shar Main Road, Patna 7 (Near Thakur Baroi Mandir)",800007,School
Cambride High School ,"Math Laxman Pur, Koiri Tola, Arafabad road, Patna (near Shiv Mandir)",800007,
Gyan Sangam school,"Math Laxaman Pur Koyri tola,Gayghat Patna-7",800007,
D.S.V.M.High School ,"Alamganj (Bal Kishanganj), Ashok Raj Path (Near Chicke Shop)P-7",800007,School
Holy Trinity School,"Prem Niwas, Babua Ganj, Gaighat, Patna 7 (near Police Chowki)",0,
Priyanka Gyan Niketan,"Gud Ki Mandi,Near Pitambra Mandir,Guljarbagh p-7 (near Bank of India)",800007,
Green Carpet English School,"Pitambara,Mandir Colony Guljarbagh Alamgang,Patna-7",800007,
Sai International School,"Bajarang Puri, Gandhi Setu Pul, Shahid Bhagat Singh Path, Gayghat,Patna-7",800007,
Gyan Ganga Niketan,"Shahid Bhagat Singh Path,Bajarang Puri Patna-7",800007,
Bright India School,"Bajarang Puri Colony, Shiv mandir Se Aage, Gandhi Setu Pul, Patna ",800007,
Little Flower High School,"Dewan Mohalla, Manas Path, Hamam Road, Patna City P-8",800008,School
Al-Jamia Tul Razvia,"Parti Gali Do Rukhi, Magoalpura, Patna City ",800008,Madarrsa
ST. Galaxy school,"Mogalura jagi ka Chaoraha, MB road patna",800008,School
St. Joseph's Convent High School ,"Mogalpure, choti Baza,r Patna-8",800008,School
St. Micheal's Eng School,"choti Bazar, bhagat Singh lane, Magalpura Patna-8",800008,School
Government Urdu Primary School,"Choti Bazar, Mogalpura, Patna City",800008,
Government Middle School,"Shekha Ka Roza, Mogalpura, Patna City",800008,
Indira Gandhi Childeren Academy ,Parti Gali Kachari Gali Patna City -8,800008,School
Mother Deoki Convent ,Koucheary Gali Chowk Patna City-8 ,800008,
Gayanodaya Convent ,Koucheary Gali Chowk Patna City-8 ,800008,
Mery AngelsPublic ,Langoor Gali  jhun Gang Patna -8,800008,School
Ever Green Public School ,"Langoor Gali, Near Shiv Mandir, Patna City-8 ",800008,
Vidayanand Academy ,Langoor Gali  jhun Gang Patna -8,800008,School
Patliputra Academy ,Quila Road Patna City-8,800008,School
Rose Bud National Academy ,Kaima Shikoh Patna City C/m Masjid P-8,800008,School
Sri chitragupt Academy ,Laimli Lal fathak Chowk Sikarpur Patna City-9,800009,
Saraswati Gayan Niketan ,Goria Asthan P-8Lalimli,800008,School
Adhunik Pathsala,Goriya Asthan Chowk Sikarpur Patna Ci ty Patna City -9,800009,
Sri Vivekanand Madhaya vidayalaya ,Kahar Toli Mahavir Asthan Chowk Shikarpur P-9,800009,School
Patna public School ,Jungiee Prasad Lane Nala pe Patana City -9,800009,
Modern Public School ,"Vivekanand Nagar, Patna City P-9 Bengali Colony",800009,School
Gyatri Shishu Mandir ,Jungalee Prasad Lane Nala Pe Patna City 8,800008,
Kids N Kids (Kislay International),"Jeetu Lal Lane, Chowk Sikar Pur, Patna City",800009,
Sharda Vikash Mandir / Sarla Devi Khaitan,Dundi Bazar Patna City 8,800008,
The Holy Public School,"Dundi Bazar, Patna City-8",800008,School
Progressive English School,"Dundi Bazar, Patna City 8 East Ranipur,  Gulzarbagh, Patna City",800008,
Laxmi english school ,"Faisad ki maidan patna city near railway line, Patna City",800008,School
Popular English School,"Haranaha Tola, Patna City ",800008,
Oxfame Middile School,Nitayanand Ka Kuan Lodi Kata Patna City 8,800008,
Madarsa Islamia anjuman mufidue islam,Lodi katara patna city,800008,Madarsa 
Crescent english school ,Sudarshan path near railwayline patna  (lodi Katra),800008,School
Green park english school ,"LAl babu ka fatak, hajari mohalla, lodi katara patna",800008,School
Pioneer high school ,SM raja street kanghya tola patna city,800008,School
Sri Guru Nanak central school,Lodi katara ranipur ki khidki patna ,800008,School
C.P.Academy ,Morcha Road Patna City -9,800009,School
Shri Krishna memorial Academy ,"Lallu Babu Ka Kuncha Patna City-9, Near State bank of India - Bikaner",800009,School
City Convent,"Ganesh Lal Road, Chipli Tola, Hajiganj, Patna City",800009,
BhartiVidaya Mandir English School ,Mangal Talab Patna City-8,800008,School
St. Joseph pubic school,"Manas path west patel nagar, Patna",800023,School
P.V.Public School,"Sri Ram Path, west Patel Nagar,Patna",800023,
St. Vinoba high school ,"C.D.A colony, Near Panch Mandir, Patna",800023,School
H.R.D.T.Public School,"Mahesh Nagar Shivpuri Road No-1,P-23",800023,School
R.S.Academy ,S.Kumar Market Madagh Shiv Puri P-23,800023,School
California Public School ,East Patel Nagar P-23,800023,School
Sun Sine High School,"Shiv Puri, Patna",800023,School
Rediant Public School International,"North S.K Puri, Vivekanand Mark, Patna 234 Patliputra colony",800001,
Creative Residential Public School,"Devi sthan, Sai Chak,  beur, Anisabad, Patna",800002,
St. Teresa English school,"Mahavir nager society Chowk chowk, Anisabad, patna",800002,School
St. Paul Public School ,"Near Dhiraj Bhawan, Shalimar Cold Store, Harnichak,Anishabad,Patna-2",800002,
South Indian Public School,"Harni Chak, Devi Mandir Road, Anisabad, Patna",800002,
Small wonder ,"Nageshwar Colony, Parmanand Path, Patna ",800001,School
St. Xaviour's Academy,"H. NO 85c, Anandpuri, Patna",800001,
Mariyam Childeren Academy ,Garhaiya Par Bijali Office Ki Gali Patna City-8,800008,School
St. Mount Nicolas Convent,Pakkigoriya-Patna City-8 ,800008,
Green Field School ,Banawari Tola Sadar Gali P-8,800008,School
Parlance Public School,"Bagh Kalu Khan, Sadar Gali, Patna City",800008,
Madarsa makadumiah,Makhdum ki masjid lodi katara patna city ,800008,Madarsa 
St Pauls English School ,Moghlpura Januli Rai ka kuwa patna city,800008,
Sanskar Kids ,Nawab bahadur Road New Sadak Patna City-8,800008,
Gandhi Childeren English School,Nawab Bahadur Road Chowalal Lane PatnaCity,800008,
A.S.B.V. Vidayalaya ,"Ashok Chakra Gali, Gurhatta, Patna P-8 Near of Shiv Mandir",800008,School
Alfa Public School ,Pandakha Lane Diwan Colony Patna City-8 ,800008,
Lotus Temple School ,Nimghat Khajekhala Patna City-8 ,800008,
S.Samarat English School,Khajekala Nawabghat Patna City -8,800008,
Father Angel High School,"Kajkelan Sabzi Mandi, Behind PO Khajekalan, Patna City",800008,
City Central School ,"Khajekalan Sabji Mandi, Patna City-8",800008,School
Kids care ,"Chowk sikarpur, Darav Toli, Near Sri Hari Samkari MAdir Patna City-8 ",800008,
M.P.Public School,Mohammad Prasad Kalibhawan Dundi Bazar Patna City-8,800008,
Modern Scietific Academy ,"Kashi Nath Lane, East Lohanipur, Kadamkuan, Patna",800003,
Apolo Central School,"Kashi Nath Lane, Eash Lohanipur, Patna",800003,
Mahatma Gandhi High School,"Railway Hunder Road Lohanipur, Patna",800003,School
Kyamat Public School/Kainath,Railway Hunder Road Lohanipur,800003,School
Little Garden play school,"Pustakalya lane, east lophanipur, Kadamkuan patna ",800003,School
Vidya Niketan Girls High school,Anugrah Narayan Road Near Congress Maidan Patna (near St. Columba's School),800003,School
ST. sevrin`s High school ,New area Kadamkua Near durga mandir ,800003,School
CMS acadmey,Raj kunj Justice Rak Kishore Path Kadamkua,800003,School
Gyan Niketan Public School,Mohan bhavan West lohanipur Kadamkua,800003,School
Saloni Convent school,"Lohanipur Pachkari sao lane Kadamkuan, Patna",800003,School
Residential Saraswati Niketan,"West Lohanipur, Railway Hunter Kadamkuan, Patna",800003,
Government Kanya Middle School,"Upadhyay Lane, Lohanipur, Kadamkuan",800003,
Government Middle School,"Upadhyay Lane, Lohanipur, Kadamkuan",800003,
Lokeshwari Mahila Uccha Vidyalaya,"Upadhyay Lane, Lohanipur, Kadamkuan",800003,
Pragatisheel Bal Vidya Kendra,"West Lohanipur, Railway Hunter Kadamkuan",800003,
Primary Mother Teressa Academy,"West Lohanipur, Goria sthan , Kadamkuan, Patna",800003,
ST. Augustine School,"Pirmuhani, West Lohanipur, Kadamkua, Patna",800003,School
ST. Joseph Primary School,"Pirmuhani Kadamkuan, Patna",800003,School
Bachchan Vidya mandir ,"Pirmuhani Kadamkua, Devidyal Building, Patna",800003,School
Devidyal Uchh vidyalaya,"Pirmuhani Kadamkua, Devidyal Building, Patna",800003,School
Patliputra Junior school,"Pirmuhani Kadamkua, Devidyal Building, Patna",800003,School
Government Samadar High School,"Lalgi tola,  Kadamkuan, Patna",800003,
Student Scientific School,"Lalgi tola,  Kadamkuan, Patna",800003,
Government Samadar Middle School,"Lalgi tola,  Kadamkuan, Patna",800003,
Government Kanya Vidyalaya,"Lalgi tola,  Kadamkuan, Patna",800003,
ST. Mary`s  school,"New Laljitola, Patna",800003,School
Holy cross convent ,"Rajendra Path, opp CDA building,  patna",800001,School
ST. Mathew`s High School,Opposite Bhatacharya turn Rajendra Path Patna,800003,School
Usha Martin school,Behiind om vihar appartment kadamkua ,800003,School
Government Blind School,"Kadamkuan, Budh Murti, Patna",800003,
Saraswati central English school,Salimpur Ahra Gali no. 1 Patna,800003,School
Arbind Bal Niketan,Salimpur Ahra Gali no. 1 Patna,800003,
ST. stephens school,Salimpur Ahra Gali no. 1 Patna,800003,School
Vivek Vihar Public school,Kadamkua Sabzi mandi road-daldali,800003,School
New Modern Academy,"Daldali Road, Kadamkuan, Patna",800003,School
Rose Berry Convent ,DN lane Daldali road Patna,800003,School
Student Scientific School,"Salimpur Ahra DN Lane, Patna",800003,
Government Girls Middle School,"Salimpur Ahra DN Lane, Patna",800003,
Government Primary School,"Salimpur Ahra, Daldali Road, Patna",800003,
Bidya Biti School,"Samadar Path Park road, Daldali Road, Kadamkuan, Patna",800003,School
St. John Public School ,"Park Road Daldali, Kadamkuan, Patna",800003,
Sunrise Residential Public School,Behind Park Road Patna,800003,School
Honey Dew ,Park road Kadamkua Patna,800003,School
Fairy Land ,"Doman Bhagat lane, Park Road, Kadamkuan, Patna",800003,
New spring dale school,Bakarganj Gali No. 3  Patna ,800003,School
Patna Accadmey,"Bakarganj gola road electonics market, Patna",800003,School
Christ Church Dicocean  school,North Gandhi Maidan Patna (near Bus stand),800003,School
Amin Girls High School,"Opp Abdul Haji Complex, Kabai Gali, Exhibition Road Patna ",800001,School
Jesus Mary Convent,Jamal Road Patna,800001,School
Marian Academy,SP Verma Road Patna,800001,School
Modern Sanik school,frazer Road  Patna,800001,School
Seventh day Adventis school,Near Radio Station Frazer Road Patna,800001,School
Government Girls High School,"Dakbangal Chauraha, Patna",800001,
Kids Villa school,"Opposite BIA , Sinha Library road Patna",800001,School
Saraswati Academy Shishu Niketan,Budh marg Near Museum Patna,800001,School
Bedi Public school,China kothi Budh marg Patna ,800001,School
St. Xavier`s  High school,West Gandhi maidan Patna ,800001,School
Bankipur Girls High School,"Opp Gol Ghar, Patna",800001,
Gol Ghar Government School,"Gol Ghar Campus, Patna",800001,
New Model Public school,Lodipur Golghar Mor patna (Nextto Dr. Basant),800001,School
Patna Children Academy,"Lodipur,Police Line Ke Bagal Me, Patna (gol Ghar, Bank Colony)",800001,
St. Joseph High school,Lichi Bagan Lodipur  Near police Line Patna ,800001,School
Shamrock English School,Lichi Bagan Lodipur Patna ,800001,School
Modern Loyla School,"lichi bagan Lodipur, St.Joseph's Ke Pass",,
ST. stephen`s school,North Mandiri Cannal Patna ,800001,School
St. Paul`s International school,North Mandiri Cannal Patna (Buddha Colony),800001,School
St. joseph high school,"North Mandiri, nala, Patna (opp St. Stephen's School)",800001,
Indira Girls School/Indira Bal Vikas Vidyalaya,"Bapu Nagar, North Mandiri, Patna ",800001,School
New st.  Teressa High school,"North mandiri, nala, Patna",800001,School
Urdu Primary School,"Kath Pul, Mandiri, Nala, Patna",800001,
The Christ Church High school,Kidwaipuri Near sknagar road Patna,800001,School
St. Martin's High School ,"22 Main Road Kedwaipuri, Patna-1",800001,
ST. Marino`s High school,IAS Colony Kidwaipuri Patna,800001,School
Progressive Public school,"29, adarsh colony Kidwaipuri Patna",800001,School
St. Paul's Academy ,M6 Shri Krishna Nagar P-1,800001,
St. George Academy,"L/38,Road No 14 Sk Nagar P-1",800001,
Little Garden ,"Road No.23, S.K.Nagar Patna",800001,
St. Angel school,Mandiri-Budha colony Road (near Sanskriti Academy),800001,School
Sanskriti academy,"Anu lok Mandiri canal road, Patna ",800001,School
J.B.B.School,Buddha Thana Ke Pass Buddha Colonoy ,800001,
Dwarka High School,"North Mandiri, Patna",800001,
Mother Teressa High convent school,North Mandiri road Patna (near Dwarka Uccha Vidhyalaya),800001,School
Good speed Public school,Budha Colony Thana Road (at the turning),800001,School
B.D public schoool,Budha Colony Thana Road,800001,School
Ideal Public school,Budha Colony Thana Road (opp - BD public School),800001,School
Ram krishna Public School,Thana road Budha Colony Patna,800001,School
S.D.Public School ,"B/34, Dujrachak, C/O BN Singh, Buddha Colony, Patna",800001,School
Shri Krishna Niketan High school,Mandiri-Budha colony Road,800001,School
Model St. Michael`s high school,"Mandiri-Budha colony Road (next to Krishna Niketan), Patna",800001,School
Modern Competetive High School ,"Dujrachak, Budha Colony P-1",800001,School
National Public school,"Chakaram road More, Patna",800001,School
Sanskar Play School,Near congress maidan Kadamkua,800016,Play School
Christ Church High school,Near congress maidan Kadamkua,800016,School
Sri Arbind Institute,Bansi Kunj In old Arvind College ,800016,School
East And west ,"Bansi Kunj In old Arvind College, Near Congeress Maidan, Kadamkua ",800016,School
Shanti Niketan school,Jagat narain road kadam kua patna,800016,School
Gayatri International School,"Jagat narain road kadam kua, Patna",800016,School
Concept Public School,"Opp GD Patliputra School, Jagat Narain road Kadamkua",800003,School
Ganesh Dutt patliputra school,Jagat Narain road Kadamkua,800016,School
Dynamic Public school,Prithvipur Lohanipur,800016,School
Oxbridge Convent high School,"Near Rajendranagar Overbridge, Rajendra nagar, Patna",800016,School
Kids care International school,Arya kumar road Rajendra Nagar road no.16,800016,School
Kids Care school and Boarding,Rajendra nagar Road no.2 Patna ,800016,School
Red carpet High School,Rajendra nagar Road no.2 Patna ,800016,School
Red carpet  School,Rajendra nagar Road no.2 Patna ,800016,School
Carrer Builder acadmey,Rajendra nagar Road no.1 ,800016,School
Kids Future foundation school,Rajendra nagar Road no.2 Patna ,800016,School
Kishore dal shishu Bahvan,Rajendra nagar Road no.2 Patna ,800016,School
Rabindra Balika Vidyalaya,Rajendra nagar Road no.2 Patna ,800016,School
St. joseph`s High school,Rajendra nagar Road no. 5,800016,School
Prepatory school,"Rajendra Nagar Road No.6B, Patna",800016,School
Rajendra Public School,"Rajendra Nagar Road No.6B, Patna",800016,School
Rose Public school,Near Telephone exchange patna Rajndra nagar,800016,School
Lucent Senior Secondary School,Rajendra nagar Road 11b Behind Telephone Exchange,800016,School
Beacon Public School,Behind Telephone Exchange Rajendra Nagar ,800016,School
ST. Mary`s Primary school,"Rajendra nagar road no.11d, Patna",800016,School
Spring valley Public School,Dinker Path Udyachal Rajendra nagar Road no.12 ,800016,School
St. joseph`s primary school,"Rajendra nagar Road No.12, Patna",800016,School
Millenium Public school,Rajendra nagar Road No.12 ,800016,School
Bharat High School,Rajendra nagar Road no.10e  patna,800016,School
City montessori school,Rajendra Nagar Roadno.11&12 Near bahadurpur Gumti,800001,School
Little Garden school,Rajendra Nagar Roadno.11&12 Near bahadurpur Gumti,800001,School
Government Middle School Shanti Niketan,"Rajendra Nagar Road No. 13, Patna",800016,
Government High School Shanti Niketan,"Rajendra Nagar Road No. 13, Patna",800016,
Government Primary School,"Beside Stadium, Rajendra Nagar, Patna`",800016,
MD convent school,Rajendra nagar road no.13 patna near rajkiya madhya vidyalay,800016,School
Mitra`s child care school,Rajendra nagar Road no.12  patna,800016,Play School
Buds`s Paradise High school,Beside Professor Colony Bazar Samiti road ,800005,School
Krishna National Public School,"New Bahadurpur , Bazar samti road patna",800005,School
ST. Thomas High school ,"New Bahadurpur , Bazar samti road patna",800006,School
Kaushiki High school,"saketpuri Bazarsamiti , Nalanda Medical Road (new Bahadurpur Gaon), Patna",800006,School
R.P mission school,opposite Kendriya Bhandar Abhiyanta nagar Bazar samiti,800005,School
St. JB convent ,Panchvati Nagar Bazar samiti Near sarvodya computer patna,800006,School
Heaven's Garden Academy,"Kasturba nagar, Patna",800006,
Akhil Bhartiya High school/Niketan,Jai mahavir Colony Sandalpur Patna,800006,School
St. Andrews High school,Vachaspati nagar Bazar samiti Near kumhrar gumti road,800016,School
Gyan Deep Academy,Vachaspati Nagar patna-6,800006,
Regal international public school,Vikas nagar Road No.2 sandalpur patna,800006,
Mother pride School ,"Sandalpur road,Kumharar patna-6 (near govt. udpad ev madh nished Vibagh)",800006,
St. xavier`s school sr.,Alka colony sandalpur patna,800006,School
Gyan sarovar Academy ,"Gokul Niwas, Patel Colony, Sandalpur Road,Patna-6",800006,
St. Paul's Internationals School,Sanichar Road Sandal Pur P-7,800007,School
New City Montessori School,"East of Sanichra Mandir more, Sandalpur, Patna",800006,
Kids World Prepare School,"Sandalpur road, Nahar ke paas. Near Sanichara Mandir , Patna",800007,School
Bapu High School,"Dargah Road shanicharamod,Sultanganj,Mahendru",800007,
Milat Public urdu Girls High school,New azimabad Colony Banwari chok Dargah road Patna,800005,School
Milat Public school,New azimabad Colony Banwari chok Dargah road Patna,800005,School
Gyan Shahi Public School,"Terhai Ki Masjid, Dargah Roah, Patna",800006,
Al-Basir Mission School,"Mohammad Colony,Terahie Ki Masjid dargah road, Patna",800006,
Sunrise Convent,"Behind Terahi ki Masjid, Dargah Road, Patna",800006,
Jyoti Shishu Niketan Town High School,"H. no 240, Dargah road, Garua Tola Patna",800006,School
Government Middle School,"Dargah Katra Mandai, Patna",800006,
Government Primary School,"Mahendru Mahendru, Patna",800006,
Kiddy garden school,"Khajur Banna, New Gulista Manzil,  Sultanganj Gauriya sthan (opp Petrol Pump), Patna",800006,School
Kautilya Public School,"Ashok Raj Path, Chaoudhry Tola, Patna",800006,
Tiny Tots,"B.N.R.Road,Ashok Raj Path Patna-6",800006,
St. Peter Academy,"B.N.R.Road,Ashok Raj Path ,Mahendaru Patna-6",800006,
Holy Cross Public School,"Near Old Shiv Mandir, Next Tripolia hospital, Pathri Ghat Lane, Alamganj, Patna",800007,School
St. Teresa Convent,"Opp BNR Training College, Chowdhari Tola,Guljarbagh,Patna-",,
Tripolia Central School,"Dr. Narayan Prasad Lane, Ashok raj path aur Shershah Road meeting point, Ashok Raj Path, Patna",800007,School
Gauri parvati madhya Vidyalaya,DR. NP lane Alamganj (Near Ashok Public School),800006,School
Ashok Public School,"Dr. Narayan prasad Lane, Nanmuhania, Alamganj P-7 (mandir Ke Bagal )",800007,School
Amit Patliputra Residential School,Khajur Banna Sultanganj,800006,School
Government Mahadalit School,"Ambedkar Colony, Sandalpur, Patna",800006,
Government Primary School,"Ambedkar Colony Circle, Mahendru Patna",,
NBN International English School,"Jagarnath singh lane chondhry tola, Patna",800006,
Government Middle School,"Chaudhri Tola, Mahendru, Patna",800006,
St. mariyam english school,"Alam Market, sultanganj, Opp Chayalok Studio patna",800006,School
St. J.B.S American School,"Garua Tola, Sultan Gang Thana Road, Patna",800006,
city public school,"Gruhua Tola patna, Sultanj thana road patna ",800006,School
Fredom convent,Gruhua Tola patna,800005,School
Real concept academy ,Gruhua Tola near dargah road  patna,800006,School
Madarsa Tul-Islam,"Dargah Hazrat Diwan Shah Arjani, Near Kumrar House, Patna",800006,
Moderan Welfare Academy,Muhammad Road ,800006,
New Central High School,Nala Pe Rampur Shahganj,0,
Maurya Vidaya Peeth ,"shahganj Nahar Road, Patna(Nala Pe Rampur)",800006,
Kushwaha Madhya Vidyalaya,"Mussalahpur Hatt, Mahendru, Patna",800006,
Gyan sangam high school ,oppsite laxmi cold storage Mussallahpur patna ,800005,School
Prabha Gayan Niketan,"Surya Sadan Rampur Lane, Mussalahpur, Patna ",800006,
Kidki Garden School ,"Rampur Lane, Mussalahpur, Patna",800006,
Shri Maa Durga Academy ,"(Nala Pe Rampur) Siadpur Neher Road, Mussalahpur",800006,
Government Airl Hindu Girls School,"Saidpur Nahar, Patna",800006,
Government Primary School,"Nand Nagar, Patna",800006,
J.E High school,Sweet heart lane Chak Mussalahpur patna ,800005,School
Government Middle School Shanti Niketan,"Saidpur, Road No. 2, Patna",800006,
Government Primary School,"Saidpur, Road No. 2, Patna",800006,
B.B.S public school,"Saidpur Gali no.2, Patna",800006,School
St. Francis Residential school,RNT path Rajendra nagar patna,800004,School
Ram Krishna Mission school,RK avenuue Nala road patna,800004,School
Mount Carmel School,"Oppsite Patna High Court, Bailey Road Patna",800001,School
Rose Vale academy,"Kadamkua Behind Old petrol Pump, Patna",800003,School
Little Angels High School,"Old Petrol Pump, Daldali Road, Kadamkuan,Patna,-3",800003,
saraswati Vidya mandir ,Baldeo sahay Road Kadamkua Patna,800003,School
ST. sevrin`s High school ,corner of Baldeo sahay Road Kadamkua,800003,School
Honey Dew point school,Dariyapur Gola Road Near aarogya,800004,School
H.P.V.Public School ,"Kadamkua ,Near Nala Road, Daruyapur, Patna-4",800004,
Kids care school   ,Dariyapur Gola Road ,800004,School
Modern Children acadmey,"Dariyapur Gola Road, Patna",800004,School
Patliputra Convent School,"Hari Arcade, Jahaji Kothi, Kadamkuan",800003,
St. Columbus High school,"opp. Jahaji Kothi, Churi Market, Kadamkuan, Patna",800004,School
St. Joseph mary Academy,"Lakhiyar Bhawan, Kadamkua,Patna-3 (Near Jahaji Kothi)",800003,
Baptist Church school ,(near Khaitan Market) Birla Mandir Road Bakargang Patna-4,800004,
Guru Gobind Singh Middle School,"Baker ganj, Gola Road, Patna",800004,
N.S. acadmey,"Bakarganj, bajaja gali,  patna",800004,School
B.N Collegiate School,"Ashok Raj Path, Convent Lane, Patna",800004,
ST. Joseph Convent school,Near Kulhariya Complex Ashok rajpath,800004,School
Government Primary School,"Anta Ghat, Patna",800004,
Government Middle School,"Anta Ghat, Patna",800004,
Fort William English School,"Kulharia complex ,Patna-4",800004,
Aatiya acadmey ,Robin vila park lane Sabzibagh patna,800004,School
Vivekanand English school,"Near Sabji More, Sabjibag,Patna-4",800004,
Shifton High School,"Bhavar Pokhar, Near sabzi bagh, Devisthan, Kadamkuan,",800003,School
Indian High school,"Bhavar pokhar Devistan, Patna",800004,School
love Dale High School ,"Bhawar pokhar, near birla mandir Patna-4",800004,
Childeren happy Home ,"Dariapur Gola ,Patna-4",800004,
Cambride High School ,"Dariapur Gola ,Patna-4",800004,
Sheen High School,"Dariya Pur Gola, Langar Toli More, Patna",800004,
Ideal Convent School ,"Sabjibagh,Dariapur Patna-4",800004,
Muradpur Government Middle School,"Bihari Sao Lane, Muradpur, Patna",800004,
ST. joseph English High school,Makhaniya Kua patna,800004,School
B.K Memorial Girls High School,"Makhania Kuan, Patna",800004,School
Progressive English school,"Nagneshua , Makhaniya kua-khazanchi road ",800004,School
Ram mohun Roy seminary,Khazanchi road patna,800004,School
Raza high school,B.M Das road Patna ,800004,School
Raza school,B.M Das road Patna ,800004,School
Patna muslim high school,B.M Das road Patna ,800004,School
Rose merry ,Ramna road Patna,800004,School
Kislaya High School,"Annie Basant Road, Patna-4",800004,
National Convent high school,"Near Patna College, Annie besant road, B.M Das Road, Patna",800004,School
Ayyu urdu girl`s high school,Perbohar lane lal bagh patna ,800004,School
St. Mary's School ,"Bikhna Pahari More, Sadpur Road, Patna",800004,School
Illustrious Public School,Said Pur Gali No-2,800004,
Green Field School,"Naya Tola, Dharhara Kothi, Patna",800004,
P.N Anglo Sanskrit School,Naya tola patna ,800004,School
Arya Kanya Vidyalaya ,Naya tola patna ,800004,School
Mahendru Central School,"Opp Post Office, Mahendru, Patna",800006,
Allons International school,Krishna sah complex Behind Mehandru post office ,800006,School
Good Shepherd High School,"Beside Rina Market, Ashok rajpath main road Mehandru, Patna",800006,School
Savarkar shishu mandir ,Near Ballu ghat mehandru,800006,School
Kartar Cadate Academy ,"Gulbi Ghat, Mahendru, Patna",800006,
DR. zakir hussain high school,sultanganj patna,800006,Govt. School
Crystal Academy,"Kabootri Gali, lamgang, Ashok raj Path, P-7,(Rahul Marriage) Hall",800007,School
Decent Public School ,"Gulshan Vihar apartment,  Ashokraj Path, Alamganj Main Road P-7",800007,School
Insaf Public School,"Shakar toli, Alamganj, ashok Raj Apth, Patna (Near Biryani ",800007,
Noorul Huda Girls High School,"Shaqqa Toli, Noorani Bagh Colony,Patna7 (near Masjid)",800007,
S.D.Junior School,"Noorani Bagh Colony 5A, Alamgang  P-7 (branch of GMJ School)",800007,
G.M.J.Convent High School,"Noorani Bagh Colony 5A, Alamgang  P-7",800007,
Holy Faith Public School,"loharwaghat Lane, Alamgang gayghat,Patna-7 (near Bidyaneshwar nath mandir)",800007,
Lucas Model Academy ,"Lala Sunder Lal Lane, loharba Ghat Lane, Alamgang P-7",800007,School
Alfa Childeren Academy,"Lala Sunder lal Lane, Loharba Ghat, Alamganj, Patna",800007,
Patna children Academy,"Alamganj, Patna (near Lal Sunder Lane), Patna",800007,
Kedarnath Government Primary School,"Alamganj, Patna",800007,
Balika High School,"Gosai ghat Lane,Ganga Bridge colony Patna-7",800007,
Blue Pearl School,"Ashokraj Path, Alamganj police chowki (near Noorani Bagh) Patna",800007,
Sun Shine Public School,"Alamganj,ChowkiBagh Bhoop Singh Lane,Patna-7",800007,
Gyanasthali high School,"Bagh Bhoop Singh Lane,Alamgang,patna-7",800007,School
Childern's Park Public School,"Bagh Bhup Singh Lane P-7 Alamgang Chowk (opp,Mandir, Gyanasthali)",800007,School
Patna Muslim Higher Secondary School,"Opposite Patna University, Ashok Rajpath, Patna",800004,
Abmedkar Bhawan Government Primary School,"Nala Road, Samudaik Bhawan, Patna (near ambedkar colony slum)",800004,
Adhor Prakash Shishu Sadan Madhya Vidyalaya,"Khazanchi Road, Patna",800004,
Adhor Prakash Balika Uccha Vidyalaya,"Khazanchi Road, Patna",800004,
Patna Public high school,"Dharhara Kothi naya tola, Bikhana Pahari, Patna",800004,Coaching
Prakash Gayan Niketan ,"Kajipur ,Road no 2,Patna ",800004,
A.G.N.Public School,"Road no 3,Kajipur ,Patna",800004,
Government Madarsa Islamiya,"Bhikna Pahari, Bari Path, Patna ",800004,
Gautam Buddha Public School,"Gandhi Chowk, Near Bhikhna Parhari, Mahendru, Patna",800006,
Royal Public School,"Mahavir Lane, Gandhi Chowk (near Bikhna Pahari), Mahendru, Patna",800006,
Nalanda English Academy ,"Professor Colony, Shahganj, Patna",800006,
Nav Jyoti Vidya Niketan,"Mussalahpur Hatt, Mahendru, Patna",800006,
Bal Vidaya Mandir ,"Mushalahpur Hatt, Mahendru, Patna-6",800006,
Mary Mount Academy,"Muhammad Road, Musslahpur, Patna",800006,
Naresh Vidaya Mandir,Mussalahpur Road patna left side in durga mandir campus ,800006,
Al-hira Public school,"Sharif colony, Bhikna Pahari,  patna (near D. Izaz)",800005,School
Lakshman vidya mandir,"Rai Hasan Pur, Chai Tola,  Patna ",800006,School
St. Manerice academy,Shums manzil Sahganj Muhammadpur road patna,800006,School
N.S acadmey ,Sadpur - Sahganj road,800006,School
Raj shikshan Sansthan,"Ganga Bihar colony Chodhari Tola,Mahendaru patna",800006,
Patna Islamic Academy,"R.S. Manzil, Mohd Noushad Ansari, Machua Toli Chauraha, Alamganj, Patna 7",800007,
Dinobly Vidaya Niketan ,Noorani Bagh Colony (Near GMJ Convent School),800008,School
Sarvodaya Sanik school,"Balkishangang Ghera, alamganj, Patna-7",800007,School
Bihar Centeral School,"Shakari Gali, Gawalatoli, Sher Shah Road (Near FNS Academy) Patna",800007,
Fateh Narayan Singh Academy School,"Gur Ki Mandi, Shershah Road, Patna",800007,
Bal Vidya Ucha Niketan ,"Gur Ki mandi, Shershah Road Patna-7 ",800007,
Government Middle School,"Arafabad Colony, Shershah Road, Patna",800007,
Jyoti Gyan niketan ,"Shershah Road, Near Gur ki Mandi, Patna",800007,
Sharaswati Shishu Vidya mandir,"Shakri Gali, Sher Shar Main Road, Patna 7 (Near Thakur Baroi Mandir)",800007,School
Dharmesh Primary School,"Shershah Road, Patna",800007,
Government Middle School,"Shershah Road, Patna",800007,
Government Urdu Middle School,"Sakri Gali, Shershah Road, Patna",800007,
St. Joseph Preparatory School,"Govind Mitra Road, Patna-4",800004,
Patna collegiate school,Baripath road collegiate street,800004,School
Jesus and Mary Academy,"chashma centre Gali,  kurji, patna ",800010,
J.P.High School ,Magadh Colony Kurji Patna-10 ,800010,
Government Middle School,"Kurji, Patna",800011,
Master mind international school,kurji kothiya vikas nagar,800010,
Green Field Convent School ,"Nala Per South Jai Prakash Nagar South Side/Rajeeb Nagar Road No 12, PatnA",800023,school
Navin Vikash Vidayalaya,Ajanta Colony Keshri Nagar Patna,800023,School
F.C.C Secondary School,Nala Per South Jai Prakash Nagar (behind choudhri Marriage community hall),800023,school
National Public school,Veer Kuwar Singh Chowk A. Keshari Nagar -Patna 24 (near Sidharth Academy),,
Sidharth Academy ,"Keshari Nagar Veerkuar Singh Chowk ,",800025,
P.C.S. School,North Jai Prakash Nagar Nala Per,800023,school
Scholars Abode School,"North nala Pe, Kesari Nagar, Patna",800025,school
Budha International  Public school,"Rajeev Nagar Road no-3,Patna-10 ",800010,
A.V.N. School ,Rajeev Nagar South Side,800023,school
Novel Public School,"Rajeev Nagar South Side, Patna",800023,school
Holy Mission School,"Rajeev Nager Road, Patna",800023,school
Vina Vidaya Niketan ,"North Rajeev Nagar Road No. 23, Patna",800024,School
Vidaya Mandir ,Rajeev Nagar South Side,800023,school
J.N. Public School ,"Ajad Nagar (Amurudi Bagicha) , Rajeev Nagar Road No - 23, Patna",800024,School
St. B.D.Public School,Ajad Nagar (Amurudi Bagicha) ,800024,School
S.V.M. Residental School,"Rajeev Nagar Road No,25",800023,School
St. Marry Convent School,"Rajeev Nagar Road No. 24, Patna",800023,School
Zee School,"Assiana Digha Road, Patna",800011,
Don Bosco Academy ,Assiana Digha Road ,800013,School
May Flower School,"Assiana Digha Road , Patna",800013,School
Madovas TahijulkurainDarud Yatana,Jamu Khurij Digha Patna-11,800011,
Ankur Public School,"Polson Road, Digha Ghat, Patna",800023,School
Modern School ,Polson Road Digha Ghat Patna-11 ,800011,
Gyan Joti Public School ,Digha Ghat Road Sabji Mandi Road North Side ,800013,School
Government Middle School,"Digha Ghat, Patna",800011,
Government Girls Middle School,"Digha Ghat, Patna",800011,
Unique Childeren Academy ,"Digha Post Office , Digha Ghat Road Sabji Mandi Road North Side ",800013,School
Government Urdu Middle School,"Digha, Patna",800011,
Sunrise Academy,Bashkothi Digha Ghat patna-11,800011,
Iqra Public School,"Digha Baskothi, Patna",800011,
St. Michael's High School,"Digha Road, Digha, Patna (near Hartman's School)",800011,
Hartman Girls High School,Digha Ghat P.O. Patna-11,800011,
I.Haque School ,Kurji pool Patna-10 ,800010,
Kurji Montessori School ,Kurji pool Post Sadaket Assharam Digha ,0,
Sacred heart school,Christian colony kurji patna,800010,
Blessed Mother Tressa High School ,Kurji Pul Patna-10,800010,
NavJoti Academy ,Balu Per Kurji Patna-10 ,800010,
Government Senior Secondary School,"Kurji Balu pur, Patna",800011,
Mt. Everest School,"Kurji, Balupar, Patna-10",800010,
S.V.N High School,"Kurji Balu pur, Patna",800011,
International Berstal High School ,Kurji Balu Per Patna-10 ,800010,
S.B Public School,"Kurji Balu pur, Patna",800011,
Hartman Primary School,Kurji Digha Ghat Road Patna-11 ,800011,
Phoenix International School,Makhdumpur Past Digha Ghat Patna-11,800011,
Government Girls High School,"Makdumpur, Digha, Patna",800011,
Saraswati Academy ,makhadumpur Digha Ghat Patna=11,800011,
Sun Shine School,"Digha Main Road, Digha, Patna",800011,
St. Annes School ,"Fairfield Colony Digha Ghat ,Patna-11",800011,
St. Mark's Secondary School,"Fairfield Colony Digha Ghat ,Patna-11",800011,
Disneyland Play School Fatima High ,"24-Fairfield Colony,Opp.Bashkothi ,Digha Ghat Patna ",800011,
St. Paul High School,"Fairfield Colony Digha Ghat ,Patna-11",800011,
Asha Deep Rehabilitation Centre for the Handicapped,"Fairfield Colony Digha Ghat ,Patna-11",800011,
Planet k.,15 Old State Bank Colony Digha Patna-11,800011,
Mt. Olive International School,"Digha Main Road, Digha, Patna",800011,
Divine Public School,"New Colony, Akhara road, Digha, Patna",800011,
St. Marry Juniour school ,Akhara Road Dighaghat Patna-11,,
Acent Public School ,Akhara Road Dighaghat ,800011,
Adarsh Bal Vidayalya ,Digha Ghat ,800013,School
Progressive Childeren Academy,Digha Ghat XTTI Patna-11,800011,
Royal Bengal Public School,Pati Pul .Digha Patna-11,800011,
M.S Convent ,avadhpuri colony digha Patna,800011,
Rashmi Niketan ,"Ajad Nagar (Amurudi Bagicha) , Rajeev Nagar Road no 23, Patna",800024,School
Daffodils High School,"Rajeev Nager Road,",800023,school
Loreto Public School ,"Rajeev Nagar,RoadNo-19, Patna",800024,
Little Lambs School ,"Rajeev Nagar Road no-8,, Patna",800024,School
Ideal Public School ,"Rajeev Nagar Road no-8,",0,
Novel public school,"Bank colony, baba chowk, Kesari NAgar, Patel Nagar, Patna",800023,School
Patna public school[extension branch],"Bank colony, baba chowk, Patel Nagar, Patna",800023,School
Earth Public School,"Adarsh Colony, West Patel Nagar, Patna",800025,
Residential National public school,"West patel nagar, patna ",800023,School
Kendriya Vidyalaya,"Shekpura More, Airport Road, Patna",800014,
Government Middle School,"Salempur Dongra, Near V.B College, Patna",800014,
Government Primary School,"Mahuabagh, Rupaspur, Patna",800014,
Government Girls High School,"Mahuabagh, Rupaspur, Patna",800014,
Indian Residentasil Public School ,Rupaspur Patna -14,800014,
Green Field High school,"Lohiya Path, Jagdeo Path, Rupaspur Patna",800014,School
Sai International School,Lohiya Path (Asagarden Road) Jageo Path Patna,800014,School
Sarswati Vidaya Mandir ,P.O.Dhanuri P.S.Fulwari ,0,
Delhi Republic School ,Sabaspur Hhagoul Road Patna-5 ,800005,
Central Children Academy,"Kahagol Road, Near biscuit factory, Phulwari Sharif, Patna",800005,
New Talent Public School,"Rashtriya Ganj, Phulwari Sharif, Patna",800005,
Apex Public school ,Birla Colony Khalipura Patna-5,800005,
Government Primary School,"Garbu Chak, Jagdeo Path, Patna",800014,
St. Peter s secondry School,Garbhu Chak B.M.P Road Jagdeo Path Patana,800014,School
K.B.S Academy (kings Bell star),"Garv Chak, BMP Road, Patna",800014,
St. Rishabh's High School ,Novneeta Bihar Co. Baily Road Patna -14,800014,
R.S.Arayan Gurukul School ,Rupaspur .P.o.Shaway Nagar Patna-14,800014,
City Center School ,Rupsh Pur vathapar Patna _14,800014,
Ambedkar Primary School,"Rupaspur, Garbu Chak, Patna",800014,
St. James Gens Academy ,"Rupaspur, Thakur Ji ka Bagicha, Patna (B.M.P Road)",800014,School
S.B.Convent Public School ,Rupaspur Patna -14,800014,
R. P. C. Academy ,Nounita Co. Rukanpura Baily Road Patna-14,800014,
Government Primary School,"Rukanpura, Patna (North Of Bailey Road)",800014,
Government Primary School,"Musahar Toli, Rukanpura,Bailey Road, Patna",800014,
Right Way High School ,Jagdeopath Murli Chowk P-14,800014,School
S.J.P.Public School ,Jagdeopath Murli Chowk P-14,800014,School
Janhit Jagdeo Memorial High School,"Murli Chak, Jagdeo Path  P-14",800014,
Presidensy public School ,Khaspura Baily Road Patna-14,800014,
Blue Bell Academy,"Ashok Puri, Khajpura, Patna",800014,
Rivendale Academy ,Khaspura Baily Road Patna-14,800014,
St. Johns Public school,"Khajpura, Canara Bank Back, V.B College, Patna",800014,School
Chitragupta Public School,"Near Brahmasthan, Khajpura, Patna",800014,
Bal Sanskar,"Near Brahmasthan, Khajpura, Patna",800014,
Pioneer Residentational School ,"Kautiliya Nagar B.M.P.Road ,P-14",800014,School
Glamour ahigh aschool ,"Kautiliya Nagar B.M.P.Road ,P-14",800014,School
R.K.MissonPublic School ,"Kautiliya Nagar B.M.P.Road ,P-14",800014,School
Shivam Public School,Satempur Dumara  B.M.P Road Patna -14 ,800014,School
Ideal Public School,"Kautiliya Nagar B.M.P.Road ,P-14",800014,School
Gyan Joyti Public School ,"KhasPura Shivmandir Behind Canera Bank, Patna-14 ",800014,
Sri Sai Public School,"Near old Shiv Mandir, Khajpura, Patna",800014,
M.S Memorial Academy,"BMP road, Mahavir Market, Patna",800014,
Sulabh international school service organisation,Ashiana road patna khajpura digha road,800014,School
Sharon's public school,Ramnagri road ashiana nagar patna,800025,School
Sea Rock Academy,"Road No. 2, Rajwansi nagar,Patna",800023,
D.A.V.Public school,"Sashtri nagar, patna",800023,School
Krishna murari public school ,"Shastri nagar nand gaon, Patna",800023,School
K.B Sahay High School,"Sherulahpur, Shastri Nagar, Patna",800014,
Rose Kids Camp,"Shastri Nagar, Flat No. 298, Patna",800014,
Rajkiya Balak evam Balika Vidyalaya,"Shastri Nagar, Patna",800014,
Government Primary School,"Shekpura, Shastri Nagar, Patna (near community Hall)",800014,
R.K.Convent High School (Mrs.),"Durga asharam Gali, Shekhpura, Patna",800014,
Government Middle School,"Shekpura, Bailey road, Patna",800014,
St. Vivekanand vidya mandir,"Sekhpura bind toli, patna ",800023,School
Ramdayal pandey balika high school,"Sekh pura, shastri nagar patna",800023,School
St. Gandhi residential public school,Shekhpura shastrinagar patna,800014,School
Patana middile School ,"Bedami Market, Shekhpura shastrinagar patna",0,
Vidya niketan high school,Shekhpura bagicha patna,800014,School
Icon public School,Shekpura Rajabazar Patna ,0,
Ambika Vidya Kendra,"Mali Tola, Shekhpura, Patna",800014,
Marigold Academy,"Shekpura,Patna",800014,
Galaxy Public School,"Raza Bazar,Samanpura Patna-14",800014,
Ideal Public High School,"Raza Bazar,Samanpura Patna-14",800014,
Junior ST micheal high school,Chanakyapuri rajabazar khagari road patna,800014,School
Green garden academy ,Chanakyapuri rajabazar khagari road patna,800024,School
Madarsa Tafazual Quran,"Chanakya Puri, Raja Bazaar, Patna",800014,Madarsa
Mother teresa public school,"Chanakya puri, Raza Bazar,Samanpura Patna-14",800024,School
Md. Maktab,"Near Masjid, Samanpura, Raza Bajaar, Patna",800014,
Government Primary School,"Samanpura, Raza Bazaar, Patna",800014,
West point school,Janil compound samanpura patna ,800014,School
Holy vision public school,Samanpura patna rajabazar road no.1,800014,School
Hiji abdul samad urdu girl's high school,Samanpura patna rajabazar road no.1,800014,School
St. Ann's narseen public school,Samanpura patna rajabazar road no.1,800014,School
Parkdale Public School,"Indra puri, road no. 1, Raja Bazaar, Patna",800014,
St. Francis School,"Ram Nagri, Ashiyana Digha Road, Patna",800014,
Gyan Ganga Academy,"Ashiana-Digha Road,Patna",0,
St. Mary academy ,"A.G.Colony,Ashiana Road, Patna",0,
Daniel dafo Academy,"A.G.Colony,Patna",0,
Arayan Academy ,"A.G.Colony,Patna",0,
Dart' Mount Public School ,"A.G.Colony,Patna",0,
North Point Public School,CDA.Colony Patna,800023,
Novel elementry school,"Professor colony, north sastri nagar, Patna",800023,School
St. louis Public school ,"C.D.A.Colony, North Shastri Nagar, Patna",800023,
saraswati vidya mandir,"Lal babu market, north sastri nagar, Patna",800023,School
Vivekanand high school,"Mahabir path, west patel, nagar patna",800023,School
Dev public school,"West patel nagar, patna ",800023,School
St. Albert high school,"West patel nagar, near SBI ATM, patna ",800023,School
St. marry school ,indrapuri road -2 ,0,
Knowledge Hut Academy ,Indrapuri Road 5/B,800023,School
Patna Public School,"Gokul Path, North Patel Nagar",800023,School
Roxo Convent High School ,North patel Nager Patna-24,800024,
K.P.S International School,"Gokul Path, Nala Pe, North Patel Nagar, Patna",800023,
Eklaavya Education complex,Patel Nagar Patna-23,800018,
Father CPS Public School,North patel Nager Patna-24,800023,
Radient International School ,Road No-7A house No-6 Janak kutir Indrapuri P.O.Keshari Nagar ,800024,
Bharat Public School,Indrapuri Road ,800023,School
Sacred Heart School,"Indrapuri, Road No 9A, Patna",800024,School
Progressive Kids Academy,Baba Chowk Bank Colony ,800023,School
St. Stephens's Academy ,Ajanta Colony Kesherinagar Patna-24,800024,
Subham Convent ,"Kesari Nagar, Road No. 24, Patna",800023,
FCC Secondary School,Keshri nagar ,800024,
Kautilya academy,West keshari nagar patna,800024,School
Little Stars School,"AG Colony, Main Road, Patna",800023,
Government Girls Senior Secondary School,"Shekpura, Shastri Nagar, Patna",800014,
Vikash kunj high school,Sekh pura shastri nagar patna,800023,School
Vidaya Niketan ,"Near Guljarbagh police Chowki,  Sation Road, Patna City P-7",800007,School
Progressive English Academy,"Near Gulzarbagh Police Chowki, Mirchai Gali, Station Road, Near Vidya Niketan, Patna City ",800007,
Kushwaha Balika High  School,"Station Road, Guljarbagh Hatt P-7",800007,School
Rehmat Public School,"Rehmat Market, Near Dadar Mandi, Patna City ",800007,
B.N Public School,"Dadar Mandi, Guljarbagh, Patna City",800007,
New Flower English School,"Pushp Vatika, Dadar Mandi, Guljarbagh, Patna ",800007,
St. Johns High School ,Dadar Mandir Guljarbagh P-7,800007,School
Baidhnath Prasad Gupta Memeorial Educational Trust,"Neem Ki Bhatti, Gulzarbagh, Patna",800007,
New Prakash Public School/Madarsa Ahmedia,"Professor Colony, Nawab Bahadur Road, Patna City",800008,
N.F.Azad Academy ,Mogalpura Durukhi gali Patna City,800008,School
Balkung Academy ,"Gauriustav Hall Ke begal Me, Mogalpur Lane,  P-8",800008,School
Madarsa Fiza,"Choti Bazar, Pali Colony, Mogalpura, Patna City-8",800008,Madarsa 
Saraswati Gayan Niketan School ,"Jalwa Toli, choti Bazar Mogalpura Patna City-8",800008,School
Government Primary Urdu School,"Mogalpure,  Patna-8",800007,
Sarvoday Academy,Noon KaChouraha Patna City 8,800008,
Waston Academy ,"kashmiri Kothi, Magalpura, Patna-8",800008,
Model Public School ,"Sadar Gali, Hansraj Ki Deori, Lal toli, Patna City ",800008,School
Indian Children School,Sadar gali patna city banwari tola near dr.ram lal ,800008,School
Gyan Ganga School ,"Vivakanand Gali, Mahraj Ghat, Patna City-8",800008,
Raj Marwari Uccha Vidyalaya,"Patna City Chowk, Patna City",800008,
Bharitaya Vidaya Mandir ,"Mangal Talab, Patna City -8",800008,
St. Paul International School,Mangal Talab Patna City-8,800008,School
Madarsa Islamia ,Lodhi Kalary Patna city 8,800008,Madarsa 
Iqra Wonder Kids,"Lodi Katra, KB Sahay Kamal Road, Patna City",800008,
Sir Syed Girls High School ,K.B shah Imali Road Patna City -8,800008,
Charle's Darwin English high school,"Maida Toli, Marwari Colony, Nea r Sadar Gali, PAtna _P-8",800008,School
Government Middle Urdu School,"Sadar gali, Patna City ",800008,
Infant Jesus School,"Tedhi Ghat,Khajikala patna City-8",8000008,
Patliputra Academy ,Maa Bhgwati Sita Asthan Buxi Mohalla Janki Ghat Patna City,800008,School
Government Middle School,"Khajkelan, Patna City",800008,
Arayan's Academy ,"Hamam Road, Gurhatta P-8",800008,School
Rolling Hills Academy ,dader mandir Guljarbagh Masjid KeBagal Me P-7,800007,School
Madarsa Islamiya,"Sadiopur P7,Mina Bazar Road, shershah Road, Patna",800007,Madarsa 
Adarsh English School ,"Nayi Sadak, Nawab Bahadur, Road, Near Madarsa, Sulmania, Patna",800008,School
Ekta Convent,"Kath Ka Pool,Mogal pura,Patna City",800008,
Nav Bharat English School,"Kat Ka Pul, Patna City",800008,
P.J.M Public School,"Deep Nagar, Mehndi Ganj, Patna City",800008,
Lord Jesus School,"Maheshpur, Mehndi Ganj, Patna City",800008,
Red Rose Academy,"Village Maheshpur, Mehndi ganj, Joha Ganj, Patna City",800008,
Sankalp English School,"Mehndiganj, Near Carrom Board Factory, Patna City",800008,
Parwati Niketan,"Hakim Ganj, Mehdiganj Road, Patna City",800008,
Government Middle SChool,"Maheshpur, Mehndi Ganj, Patna City",800008,
New King Christ,"Lakhiya Baba ka Math, Udhrampur, Patna City",800008,
Madhya Vidyalaya Mansa Ram ka Akhara,"Mansa Ram Ka Akhara, Udhampur, Pata City",800008,
Government Middle SChool,"Chaughra, Patna City",800008,
Little heart School ,"Hans raj Ki Deorhi, Lal Toli Patna-8 (noon ka chauraha)",800008,School
Aparna Niketan School ,"Hans raj Ki Deorhi, Lal Toli, Mugalpura, Patna-8",800008,School
Bal Shramik Vishesh Vidyalaya,"Mogal Pura, Patna City",800008,
Madarsa Gulshan-e-Ibrahim,"Dr. S.M Raza Street, Nazmi Lane, Patna City",800008,
Galaxy Childeren School ,"SM Raza Street, Kanesuiya Tola Patna City 8",800008,
Hassan Academy ,lodi Katra teen Rah Ki Massid Patna City-8,800008,
New st joseph's high school,"Sadar gali, Patna City ",800008,School
Tubaday english high school,Shah ki imli patna city (In frot hasan Academy),800008,School
Gandhi Convent English School,"Agha Hussain Choura, Lodi Katra, Naya Tola Patna City9",800008,School
Government Middle School,"Kalisthan, Mangal Talab, Patna City",800008,
St. Marry School ,Hari Mandir Gali Patna City -8,800008,
Marry Angles Public School ,Langoor gali Near Shivmander Patna City 8,800008,
Tender Heart International School,"Arora House Campus, Hajiganj, Patna City",800008,School
Arora International,"Aroran House Campus, Hajiganj,  Patna City (near Tender Heart) ",800008,School
Sarvoday Infant Academy ,Hagi Gang Patna City -8,800008,School
K.R. Anand Memorial English School,Kumar ravi Anand Smirti Bhawan Hajiganj Patna City,800008,School
The Capital Convent High School ,Hajiganj Lucky Biscuit Ke samne P-8,800009,School
Jalan High School,"Hajiganj, Near Lucky Biscuit P-8",800008,
Childeren Engineering Academy ,Hajigang Jaipur And Bikkaner Bank ke Samene hanuman Mandir,800008,School
St. Francis High School ,Kaima Shikoh Patna City C/m Masjid P-8 Haji Ganj,800008,School
Jesus And Mary Academy ,Hajigang kaimarikoh PatnaCity-8,800008,School
Gandhi Arya Kanya Uccha Vidyalaya,"Mansoor Ganj, Patna City,",800008,
Metropolitan High School,Purav Darwaza Patna City-8,800008,School
The Indian Academy,"Bansian Tola, Malsalami, Patna City",800009,
Ideal children's academy,"Simli Badi Mandir, Malsalami, Patna City",800009,School
Shishu Jagriti Niketan,"Malsalami, Patna Ciy",800008,
Vidaya Sagar Academy ,Bhitri Begampur Nai Sidhi Malgodawn Kesamne P-9,800009,School
Prince English School ,Bhitri Begampur Nai Sidhi Malgodawn Kesamne P-9,800009,School
The Son Of India Academy ,Baksi Maidan Patna City-9,800009,School
B.P School/Aryavart Bidaya Bhawan,"Bakshi Maidan ,Patna City",800008,
St. Micheal High School ,Jai Krishna Road Bakshi Maidan P-9,800009,School
George Madhya Vidyalaya,"Bakshi Maidan ,Patna City",800008,
The Sunrise Academy ,Bakshmi Maidan Begampur Patna City-9 Shershah masjid,800009,
Guru Gobind  Singh Madhya Vidyalaya,"Next to Patna Sahib Gurudwara, Patna City",800008,
S. Guru Gobind Singh Girls High School,"Next to Patna Sahib Gurudwara, Patna City",800008,
Gyanoday Convent ,Kachuri Gali Patna City-,800008,School
Narayani Kanya Vidyalaya,"Choti Pattan Devi Lane, Patna City",800008,
Sarla Devi Khaitan Vidaya Mandir ,Hiranand Shahgali Chowk Patna 8,800008,
New St.Paul High School ,Padri Ki Hawali ki samne wali gali Bijali Office Lane Patna City-8,800008,School
St. Stephen's School ,"Rai Jai Krishna Road, Gurhatta patna city -8 ",800008,School
Vidaya sagar High School ,Gurughatta Patna City Uma Shanker Lane ,800008,School
Sudarshan Centeral School ,guzari Bazar Patna City-8,800008,School
Magadh Eng School,Guzri Bazar Ashok Rajpath P-8,800008,School
Government Urdu Middle School,"Guzri Bazar, Patna City",800008,
Madarsa,"Bilwar Ganj, Paschim Darwaza, Patna City",800008,
United intanationad modern publlic school,Belurnganj pacchim Darwaza 29 patna,800007,School
Adarsh Public School,"Mathani Tal, Patna City",800008,
Anusoochit evam Pichri Jati Madhya Vidyalaya,"Nakash Devi Sthan, Patna City",800008,
Shishu Jagriti Eng School Niketan,"Naksh Devi Sthan, Nawab Ganj, Patna City malsalami",800009,
Ideal Convent School,"Mansoor Ganj, Bhaisani Tola, Patna City",800009,
Sri Ram Janki Gayan Niketan School,"Nawabganj, Patna City Bhaisani Tola, Mansoor Ganj",800009,
Mother Teressa Public School,"Malsalami, Begampur, patna city Bhaisian Tola",800009,
Prabha Tara English School,"Bari Nagla, Patna City",800008,
Mickle english school,Nurdiingany opp.nau khai .patna city Nagla,800008,School
Shine Star Eng School ,"Choti Nagla, Patna City, Kushvaha Panchayat Bhawan, Malsalami, Patna",800008,
Vidya Public central School,Chotti nagla jamuna bazar,800008,School
Shri Kanhailal Madhya Vidyalaya,"Chutkiya Bazaar, Patna City",800008,
International Public School,"Jamuna Path, Madhav Mills, Malsalami, Patna Chutkiya Bazaar, Patna City",800008,
Sarvodya public school,"Jamunapur, Naya tola, Simli Sadaran, Patna City",800008,School
National education accadmy,"Sahadara,  patna city",800008,School
Government Middle School,"Sharif Ganj, Patna City",800008,
The Duke school,Ramdhani road mor ashok raypath patna city,800008,School
New bal gyan niketan aawasiya vidyalaya,Katra bajar near shanti pustakahya rakaegany more,800009,School
Ram Narain Madhya Vidyalaya,Rakabgany narth west ganga river nandir,800009,School
Bal shramik vikash Vidyalaya ,Deedargany on side river street to acadmy of child labours,800009,NGO School
Adarsh vidyalaya,"Simli Shahdara, Ramdhani Road, Patna City  Deedarganj",800008,School
Sacred Heart School,"Hanuman Mandit, Tyagi bHawan, Deedarganj, Patna City",800008,
Neki Watson accadny,Tyagi baba bhawan near bajar samiti rakabganj check post,800009,School
Vivekananand public school,"Panchmukhi chauraha Rikabganj, Patna",800008,School
Gurukul vidyalaya,Baniya tola Rikabganj patna city,800009,School
R.V.S Public School,"Ramdhani Road, Near Pani Tanki, Patna City",800009,School
New St. Tulsi English Academy,"Simli Tathagat Nagar, Malsalami, Patna",080000,
Bal pratiyogita niketon Awasiya,Behind sinli nain road patna city,800008,School
English channel seminary,Naklabgang ashok rajpath manin rood patna city,800008,School
International Public School James D Watson,"Simli Malsalami, Near Madhav Mills, Patna",800008,
St. tulsi acadmy,"Simli Malsalami, Near Madhav Mills, Patna",800009,School
Lord Budha seminary School,"Gauridas ki mandi, Simli, Patna City",800008,School
Popular english school,Simli bherpur patna city,800009,School
Bharti shiksha kendra,Shora godam patna city,800008,School
The Mother India convent,Shora godam nurdinganj patna city,800008,School
Oxbridge Convent High School,"Rashtravadi Chouraha, Nuruddin Ganj, Malsalami, Patna City",800008,
Government Middle School,"Nurruddin Ganj, Patna City",800008,
Sharda public high school,madhav mius malsalami patna city,800009,School
St. joseph high school,Nagla main road malsalami city,800008,School
Modern english school,Nagla main road malsalami patna,800008,School
Baijnath Primary School,"Malsalami, Patna Ciy",800008,
Lakshmi kanya path sala,Nand gola devi sthan patna gbht,800008,School
Kushagra international school,Prabhu bhawan nanol gola patna city,800009,School
Bhim Rao Ambedkar English School,"Malsalami, Maruf ganj, Patna",800008,
Shine Academy ,Bahro Dhawal pur Patna City Patna 8,800008,School
Kalyani English School,Karmati Chak Patna City Patna,800008,School
Vidyatan School,"Suraj Kumar Verma, Naksha Pind Karmatichak road , Begampur, Patna City",800008,School
Sri Raghunath Hindu Uccha Vidyalaya,"Begampur, Patna City",800008,
Government Middle School,"Begampur, Patna City",800008,
Mount Management Study Point School,"Pipal Tal, bahari Begampur, Patna City",800008,
Royal Central School,Bahri Begampur KadamTal Patna City,800009,School
Saraswati Niketan Madhaya vidayala ,"Bahari Begampur, Kadam Tal Ke piche, Patna City",800008,
Ramanujam Central School,Bahribegumpur Sati chouria Patna City-9,800009,School
Mother memorial Public School ,Bahri Bagempur Sati Chauraha C/O Rameshwar Manto Patna City-9,800009,
Government Middle School,"Sati Chauraha, Begampur, Patna City",800008,
Gaurav Saurav  School,"Late Phutti Pahalwan Ka Akhada Yadav Panchyat Bhawan, Bahari Begampur, Patna City",800009,
Maa Sarswati Gyan Niketan,Bahri Begampur near Rly. Line Patna City,800009,School
Saheed Jagdeo Madhya Vidhyalaya,"Bahari Begampur, Begampur Mandal Patna City-9",800009,
Gautam Buddha Eng School,"Kushwaha Panchayat Baithaka, Mahavir Sthan , Bahri Begampur, Patna City",0,
National Childeren School ,"Karmalichak, Begampur, Patna City Patna 9",800009,School
Government Middle School,Karmalichak Patna City Patna 8,800008,
Guide Line English School ,"NaKhash Pind Karamali Chak, Patna Cirty Patna 8",800008,School
Prince Gayan Niketan Eng School,"Begampur, devisthan naksh, Patna City",800009,
Raj Dhani Public School,"Bhaisian Tola, Near Ramjanaki, Thakurwari, Patna City",800009,
Jagriti Eng School,"Dahu Chak nagla, Shah Ganj, Patna City",800009,
St. Martin Convent,"Near mAdhav Mills, Malsalami, Patna City",800008,
Smiling Daffodils School,"Shanti niketan Bari Nagla, patna city",800008,
St. Don bosco school,"Shanti niketan Bari Nagla, patna city",800008,School
New Model Eng School ,"Chut Kiya Bazar, Bhatti Ke Niche, Patna City",800008,
Maa Sharda Vidya Mandir,"Kushwaha Panchit Baithaka, Sihdara Ramdhani Road, Patna",800008,
Kushwaha Bal shiksha niketana,Katra bajar patna city (abdul rehmanpur),800009,School
Gyan niketan Convent,"Katra bajar, near Desh Ratna school, Patna City",800008,School
Desh Ratna Public School,"Katra bajar near abdul rahmanpur, Patna City",800009,School
Daffodils public school,Katra bazar patna city,800009,School
National English School,"Noor pur, Katra Bazaar, Patna City",800008,
International Public School,"NoorPur, Katra Bazar, Patna City",800008,
Infants accadmy,Nawabganj near mahavir mandir patna city,800008,School
Eklabya Public School,"Simli Nawabganj, patna City",800008,
K.C.Ch School,Nawabgany patna city,800008,School
City montessori school,"Simli main road, Gauri bas nandi behind anoop lai yadav patna city",800008,School
Magadh kids garden,Das sabzi mandi malsalami,800008,School
Dev english accadmy,Nurrudin gany patna city,800008,School
Naveen Kanya Bharat mata Prathmik Vidyalaya,Nurrudingany patna city,800008,School
Saraswati Gayan Niketan ,"Purvi Nala, Nand Gola Ghat Kinare, Madhav Mills, Malsalami, Patna City",800008,
Divine Public School ,"Near Nandgola, Patna City",800008,
Ram Pravesh Gyan Niketan English School,"Near Nand Gola, Patna City",800008,
D.M English Academy,"Charkhi Par nand Gola, Railway Track Crossing, Patna City",800008,
Win academy,Sekh pura shastri nagar patna,800023,School
M.U.S Brightway Public School,"Murli Chak, Jagdeo Path, Patna ",800014,
Bersheba Mission School,Adarash Vihar Colony RukunpuraBaily Road Patna-14,800014,
Krishna Public School,Bely Road Ruranpura Patna,800014,School
Ascent public school ,Vadenagar rukun pura bailey road patna,800014,School
Taine Tals Academy Tiny Tales,"Shivpuram Vijay nagar Line -No-1B,Patna 14",800014,
Kautilya public school,Raj kishore sing path rukan pura bali road patna,800014,School
S. Bihar Public School,Ambedkar path bailey road Patna-14,800014,
N.K.Jha Academy,Chandra Vihar Assiana Road,800023,School
West point public school,Chandra bihar colony digha patna,800013,School
Mother Teresa High school,Rajapul Patna,800001,School
Devta Balika Ucchya Vidayalya,"Behind Jal Parshad, Boring Cannal road, Patna",800001,
Mont Fort Convent,"H. NO 111, Indira Nagar, Anand Puri (behind), Patna",800001,
Government Middle School,"Rajapur, Mainpura",800001,
Government Primary School,"Nehru nagar, Mainpura, Patna",800001,
Government Middle School,"Nehru nagar, Mainpura, Patna",800001,
Springdale School,"Som Sadan, H No-27, Road No 2, Nehru Nagar, Patliputra Clolony, Patna",800013,School
Gulmohar Academy,"Road No. 9/Nehrunagar Patna/ Shifted to Road no.2, plot no. 59, nehru nager ",800013,School
Lakshya Senior Secondary School,"North SK Puri, Near Lakshya Coaching, Patna",800001,
Boon Public School,H.NO. 19 Sardar patel path Behind Krishna appartment,800001,
Mother Care Academy,"North SK Puri, Boring Road, Patna",800001,
Rose Bud school,"North  S K puri, Boaring Road , Patna",800001,School
Rosebud Academy,"West S.K Puri,Patna",800023,
INS Public school,"Boaring Road s.k puri , Patna (Near Amitash Hospital)",800001,School
Shikshayatan,"M-3/35, S.K. puri Boring Road Patna-1",800001,
